percentile_fetchfeeds_middle,percentile_fetchfeeds_middle,percentile_fetchfeeds_middle,percentile_fetchfeeds_middle,percentile_fetchfeeds_middle,percentile_fetchfeeds_middle,percentile_fetchfeeds_middle,percentile_fetchfeeds_middle,percentile_fetchfeeds_middle,percentile_fetchfeeds_middle,percentile_fetchfeeds_middle,percentile_fetchfeeds_middle,percentile_fetchfeeds_middle,percentile_fetchfeeds_middle,percentile_fetchfeeds_middle,percentile_fetchfeeds_middle,percentile_fetchfeeds_middle,percentile_fetchfeeds_middle,percentile_fetchfeeds_middle,percentile_fetchfeeds_middle,percentile_fetchfeeds_middle,percentile_fetchfeeds_middle,percentile_fetchfeeds_middle,percentile_fetchfeeds_middle,percentile_fetchfeeds_middle,percentile_fetchfeeds_middle,percentile_fetchfeeds_middle,percentile_fetchfeeds_middle,percentile_fetchfeeds_middle,percentile_fetchfeeds_middle,percentile_fetchfeeds_middle,percentile_fetchfeeds_middle,percentile_fetchfeeds_middle,percentile_fetchfeeds_middle,percentile_fetchfeeds_middle,percentile_fetchfeeds_middle,percentile_fetchfeeds_middle,percentile_fetchfeeds_middle,percentile_fetchfeeds_middle,percentile_fetchfeeds_middle,percentile_fetchfeeds_middle,percentile_fetchfeeds_middle,percentile_fetchfeeds_middle,percentile_fetchfeeds_middle,percentile_fetchfeeds_middle,percentile_fetchfeeds_middle,percentile_fetchfeeds_middle,percentile_fetchfeeds_middle,percentile_fetchfeeds_middle,percentile_fetchfeeds_middle,percentile_fetchfeeds_middle,percentile_fetchfeeds_middle,percentile_fetchfeeds_middle,percentile_fetchfeeds_middle,percentile_fetchfeeds_middle,percentile_fetchfeeds_middle,percentile_fetchfeeds_middle,percentile_fetchfeeds_middle,percentile_fetchfeeds_middle,percentile_fetchfeeds_middle,percentile_fetchfeeds_middle,percentile_fetchfeeds_middle,percentile_fetchfeeds_middle,percentile_fetchfeeds_middle,percentile_fetchfeeds_middle,percentile_fetchfeeds_middle,percentile_fetchfeeds_middle,percentile_fetchfeeds_middle,percentile_fetchfeeds_middle,percentile_fetchfeeds_middle,percentile_fetchfeeds_middle,percentile_fetchfeeds_middle,percentile_fetchfeeds_middle,percentile_fetchfeeds_middle,percentile_fetchfeeds_middle,percentile_fetchfeeds_middle,percentile_fetchfeeds_middle,percentile_fetchfeeds_middle,percentile_fetchfeeds_middle,percentile_fetchfeeds_middle
0,0,0,0,0,0,0,0,0,0,0,0,0,0,0,0,0,0,0,0,0,53.966144,0,0,0,0,0,0,0,0,0,0,0,0,0,0,0,0,0,0,0,0,0,0,0,0,0,0,0,0,0,0,0,0,0,0,0,0,0,0,0,0,0,0,0,0,0,0,0,0,0,0,0,0,0,0,0,0,0,0
0,0,0,68.528313,0,0,0,0,0,0,61.149815,0,13.902044,0,0,5.930359,0,0,0,0,0,54.917774,0,0,0,0,0,0,0,0,59.953617,0,0,0,38.400268,0,0,0,0,0,0,0,0,0,0,0,0,0,0,0,0,0,0,0,0,0,0,0,0,0,0,73.734097,0,0,0,0,0,0,0,0,0,0,0,0,0,0,0,0,0,0
0,0,0,66.570587,0,0,0,0,0,0,29.420941,0,17.243441,0,0,82.146794,0,0,0,0,0,47.336707,0,0,0,0,0,0,0,0,42.073899,0,0,0,74.573806,0,0,0,0,0,0,0,0,0,0,0,0,0,0,0,0,0,0,0,0,0,0,0,0,0,0,80.031862,0,0,0,0,0,0,0,0,0,0,0,0,0,0,0,0,0,0
0,28.505454,0,29.311244,0,44.059053,8.331055,0,0,0,7.989002,0,6.83529,0,6.508877,6.85365,6.218365,5.761009,0,0,0,8.249663,0,6.125619,0,15.394704,0,0,6.735017,0,21.314893,0,6.061311,0,5.748078,0,0,7.23472,7.043806,0,8.342456,0,0,6.238956,0,6.605695,0,8.596963,88.736302,0,6.949142,6.415724,0,21.114903,7.101026,0,6.364704,0,0,6.001533,0,44.5272,0,43.375784,5.281048,0,0,6.63812,6.365133,0,7.280327,0,6.161549,0,7.177094,0,6.258529,0,23.694299,5.70792
17.877,34.454769,6.121799,56.629119,6.942208,25.250056,28.886826,0,0,6.040276,12.438108,5.909029,6.594395,21.208783,6.240073,5.953426,5.524969,36.385288,0,0,8.737815,6.441992,20.119984,6.421752,0,30.774554,7.045048,6.208927,35.713667,0,7.600343,14.298356,6.545073,16.114798,5.608554,54.924654,0,6.728958,5.558471,28.204273,9.71062,71.383309,0,6.38568,5.862264,6.343198,6.50071,13.69436,53.831356,8.603024,35.426515,6.030777,6.681946,30.281618,5.983126,6.286296,5.816868,33.585877,0,6.321914,6.674111,11.890958,11.897147,43.44995,6.635688,0,0,6.045821,29.756261,46.695334,29.740105,6.526108,6.256157,0,6.238105,6.68104,10.909071,6.52502,9.915254,6.662584
6.407315,11.761695,5.917999,67.250464,5.949392,9.067012,41.226706,0,0,5.855665,6.888411,6.015525,5.846779,16.530206,5.804358,6.008247,5.72208,10.826215,0,0,6.024074,5.669963,7.101263,6.187922,0,9.432091,6.594963,6.55284,11.084882,0,6.161395,6.879654,6.017595,7.983276,5.780478,37.081123,0,6.191256,5.996233,23.343571,6.4766,56.711797,0,5.607318,5.669459,7.064651,6.091086,6.757803,41.719083,6.47257,9.543484,5.672354,6.259672,7.111442,6.24301,5.38206,5.688497,7.618868,0,6.136725,7.11497,6.188457,5.958993,28.183178,6.020855,0,0,5.989806,7.39403,37.667265,7.870094,6.11302,5.759591,0,5.918932,5.993741,6.526838,5.924658,7.84616,6.40526
6.170873,7.449567,6.168068,13.018821,6.118908,6.744309,29.61374,6.289352,5.933814,6.097662,6.130285,5.841321,6.19196,11.318056,6.419955,5.858407,5.889022,8.746715,0,78.570497,6.757082,5.812226,6.899292,6.076205,0,6.807567,6.455347,6.134972,7.056192,0,5.800248,6.419853,5.755853,6.537644,5.636031,34.409266,7.578097,6.074676,5.366617,9.551172,6.109441,7.372801,22.573842,6.003584,5.653792,7.212612,5.852366,6.101124,37.443058,6.205748,6.98616,6.121681,5.779205,6.547091,6.082866,5.667356,5.892086,9.529981,20.248055,5.556958,5.988875,6.304252,5.574604,6.377843,5.779344,0,0,5.764819,6.518693,32.905364,6.594028,5.653583,5.8593,0,5.961602,5.447179,6.041759,5.532868,6.03763,6.000362
6.098602,5.964939,6.169497,6.682303,5.66415,6.212837,13.427671,6.2577,10.600909,6.091824,5.88609,5.817194,5.550869,5.732745,6.106323,5.833769,6.161874,5.576952,0,37.592943,6.246695,5.810302,5.788388,5.601412,52.839777,6.002369,5.863946,6.012445,6.530851,14.119994,5.89566,6.635955,5.86637,6.932416,5.763228,33.359509,31.257446,6.001258,5.886807,8.512158,5.688412,5.087266,17.829225,5.619683,6.069961,5.502938,5.93834,5.551255,9.238981,5.446294,6.607218,6.192153,5.613585,5.833935,5.627039,5.611025,5.637666,5.682202,8.075891,5.805979,6.056079,5.824637,5.870264,5.646862,5.874792,0,0,5.575306,6.020185,6.671789,5.656749,5.580842,5.430618,18.252845,5.716871,6.119854,5.628605,5.405396,5.59516,5.977324
5.710006,5.912061,6.03292,6.839199,6.192893,6.392112,8.928606,6.182794,9.722383,6.151808,6.606935,6.268488,6.073158,6.022796,6.169221,6.229304,5.91885,5.466577,0,8.873557,6.508341,5.79474,5.81993,5.81625,34.034233,6.049625,5.65253,6.071849,6.177371,7.992326,5.664122,5.985433,5.956804,5.978408,6.243706,45.20507,14.481012,6.999591,5.838013,39.074826,5.611965,0,6.518699,5.931725,5.792462,5.81922,5.791157,5.557023,6.174897,5.735249,6.335275,5.820377,5.934919,5.980623,5.591763,5.865051,5.850449,5.872757,7.129124,5.812728,5.914739,5.807886,5.850706,5.808955,5.911097,0,0,5.634959,5.709474,6.000808,5.743374,6.094428,5.801205,15.512857,5.815267,5.469724,5.583205,5.660298,5.915326,5.998946
5.797653,5.842597,6.131247,6.49427,5.799406,6.271503,7.204045,6.162493,7.875891,5.731857,7.331559,6.149151,5.921534,6.163508,5.760727,5.935631,6.099503,6.191621,0,7.358243,6.197181,6.098679,6.674572,5.788611,30.923187,6.174272,5.776972,5.611522,6.137406,6.829818,5.876134,5.799995,5.789683,5.902208,5.992178,45.588311,6.138275,6.077963,6.128437,11.408067,5.903985,0,6.181584,6.014061,6.058565,5.746765,5.590432,6.031487,6.400185,5.935323,5.738944,5.813723,5.90504,5.848603,6.022103,6.234041,5.758055,5.864981,5.976669,6.196671,5.807693,5.82403,5.820577,5.671237,5.951168,6.999724,0,5.827093,6.048267,5.688312,6.142235,5.675005,5.860241,10.353384,5.74405,5.290906,5.600475,5.520202,6.164692,5.716893
5.821451,5.890022,6.261792,6.272176,5.545415,5.746052,5.899503,6.459232,6.283058,6.207561,7.582568,6.194334,5.972876,6.139238,5.954197,6.170389,5.912983,5.908555,7.808145,5.733668,5.954065,6.035709,6.131792,6.031395,29.179223,5.944453,6.17193,5.539674,5.923779,5.842035,5.740445,5.649732,6.140025,5.760735,5.910598,5.781982,6.32816,5.900376,5.871278,13.772649,5.852261,50.335562,5.975602,7.402719,6.612103,5.680956,5.859861,6.023828,5.847162,5.685368,5.888479,6.039543,5.501466,6.07469,6.096605,6.432516,5.769292,5.993441,5.737413,6.449818,6.424685,5.994673,5.859841,5.576262,5.909039,5.688648,6.251024,6.022917,5.755226,5.644266,5.704345,5.502693,5.7754,7.662329,5.812062,5.453424,5.817345,5.746756,6.141384,6.088469
5.867225,6.027617,6.057402,5.739201,6.055037,6.021814,6.028785,6.103982,5.936983,5.867629,6.560493,5.942015,6.118252,6.182912,6.056747,5.861295,5.839356,6.283876,8.540145,5.739557,5.799481,6.299444,5.820287,5.837458,9.67269,6.295709,5.971985,6.049857,5.888511,6.42066,6.220161,6.056814,5.971721,5.716168,6.170139,5.951996,5.876843,6.082925,5.953215,19.489695,6.139201,55.627739,5.814148,6.918808,6.241754,5.880167,5.698233,6.02912,5.558475,6.155838,5.514099,5.958796,6.01576,6.507675,5.663529,6.263782,5.824959,5.821188,5.556144,5.528771,6.04403,5.657588,6.42721,5.835143,5.640369,5.629507,5.868353,5.922305,6.135708,5.570258,5.752564,5.8378,5.606522,18.859309,5.841805,5.485387,5.841545,5.854654,6.033898,5.936181
6.208934,6.017697,6.296582,5.89784,6.417183,5.760959,5.712534,6.159205,5.933391,6.072892,5.827397,5.758923,5.866028,6.523841,6.356251,5.990894,6.090289,5.975909,6.885787,5.861691,5.949661,6.262691,5.934918,5.961419,7.743405,6.218395,5.861188,5.496516,6.26838,6.145939,5.928549,6.088819,6.041981,6.154903,6.006906,5.779961,6.017931,5.608052,5.870874,10.617438,6.322715,25.503176,5.879327,6.213592,6.084658,6.009182,6.187217,5.991089,5.760667,5.686085,5.991416,5.791888,5.986339,5.880792,6.047954,6.182566,5.790816,5.569918,5.768932,5.934177,5.721022,5.744495,6.095229,6.073023,6.340799,5.716421,5.837496,6.065023,5.790761,5.8569,5.609962,6.05408,6.089144,6.129719,6.077826,5.446678,5.974353,5.40802,6.178908,6.136631
5.908358,6.046668,6.410154,6.123458,6.403942,5.927016,5.795055,6.270091,6.181207,6.44917,5.949675,5.726073,6.075199,6.705421,6.401211,6.577856,5.96209,5.950885,6.257746,5.833948,5.943955,6.231811,5.864433,6.242943,6.302475,6.099454,6.31301,5.833479,6.190955,5.998892,5.904706,5.885229,6.324312,6.253744,6.331314,5.736561,6.205069,5.937867,6.193518,5.640405,6.482711,6.287465,6.100512,6.268407,6.343927,5.993346,6.119182,6.046242,5.744423,6.027216,5.902763,6.206477,5.896054,6.174574,6.19605,6.332863,5.916075,6.02647,5.844079,6.090113,5.667528,5.938316,5.982139,5.886544,5.704865,6.018822,5.777898,6.768496,6.14178,5.710486,5.556192,6.039551,5.920463,5.854312,6.377428,5.475252,5.598341,5.817529,6.286785,6.09909
5.925278,6.069856,6.197039,5.895892,6.750682,6.165087,5.686661,6.358694,6.186711,6.907928,6.543657,5.883417,5.715411,6.157048,6.720939,6.364422,6.12282,5.997968,6.196072,5.653378,5.819423,6.573226,5.957953,6.071793,5.853937,6.175163,6.230895,5.997203,6.224193,6.153989,5.836114,5.757817,6.020979,6.264639,6.179163,5.91996,6.145601,5.946434,6.24459,5.594905,6.26625,5.740173,5.907,6.176906,6.571263,6.06568,5.891974,6.510297,5.898676,6.003158,5.76694,6.103227,5.707415,5.723822,6.019324,6.217848,6.066977,5.869836,5.864437,6.028471,5.919605,5.871282,6.64176,5.76318,5.819601,5.869173,5.513647,6.433782,6.427141,5.699721,5.875441,6.290107,6.258572,5.809233,6.774777,5.717904,5.935206,5.573863,6.000026,6.117538
5.663511,6.308286,6.125557,6.503413,6.36579,6.318969,5.975306,6.524706,6.2063,6.613892,6.035552,5.710588,6.401062,6.284635,6.45151,6.553539,5.984886,6.067074,5.772358,5.764825,5.902682,6.374701,6.422363,6.159484,6.416859,6.469555,6.363905,6.170342,6.231835,6.191708,5.980705,5.989356,5.937823,6.11907,6.68125,6.058869,6.384235,6.195314,5.598577,5.930919,6.332588,5.647751,6.389014,6.965256,5.99177,6.093825,5.793397,6.437837,6.027702,5.813674,5.993898,6.159955,6.082672,6.116651,6.12647,6.273187,6.208356,5.957046,5.995355,6.138932,6.084339,5.884946,6.30716,6.063004,5.74113,6.091975,5.968441,6.55569,6.340776,5.753292,5.772344,6.068577,6.206598,5.566283,6.683315,5.865773,6.702736,5.889171,6.439043,6.058539
6.15823,6.541027,6.721745,6.779089,6.498906,6.038371,6.465414,6.679969,6.519501,7.263814,5.930798,5.747734,6.468278,6.349735,6.479603,7.028506,6.430842,6.09464,6.096097,5.727642,6.164419,6.880406,7.176151,6.243685,5.948084,6.993796,6.99411,6.328926,6.352483,6.301978,6.058764,6.111759,5.870536,6.959663,6.450965,5.988795,5.97974,6.023864,6.005374,6.139052,8.660465,5.556425,6.578603,6.863088,6.229752,5.930565,6.255182,6.532959,6.649232,5.866895,6.078117,6.647063,5.680404,5.799344,6.164419,6.41717,5.957739,6.256598,5.771237,6.031739,6.142975,6.187401,6.157624,6.366331,5.858999,5.919573,6.056867,7.267103,6.158961,6.270139,5.869615,6.129678,6.075312,5.466818,6.737556,5.820004,6.080436,6.180022,6.464519,6.302822
5.913523,6.58986,6.46591,6.953884,6.748978,6.220299,5.800594,6.640146,6.502243,6.795331,6.076525,5.99055,6.327469,6.737366,6.761523,7.704371,6.365237,6.245783,5.960673,6.151733,6.407779,6.087733,6.567031,6.122957,5.532205,6.83689,6.984532,5.951468,6.605863,6.194144,6.149944,6.131788,5.898454,7.075192,6.109127,6.269823,6.082276,5.92711,5.824713,5.672877,7.946297,5.821357,6.516072,7.132804,6.503274,6.058288,6.343938,6.740185,6.706921,6.309638,6.143868,6.402985,5.8555,6.127092,6.227902,6.587935,6.07969,6.232751,5.847916,6.091302,6.184412,6.218225,6.544206,6.625934,6.151707,5.947634,6.021586,7.457187,6.841865,6.353283,5.896313,6.327163,6.206118,5.500983,7.122889,5.878381,6.28614,6.109536,6.40289,6.210453
6.016117,6.45912,6.707843,6.711473,6.969773,6.779208,6.111275,7.46064,6.405185,7.329545,5.865783,6.085115,6.579725,6.570414,6.537015,7.142858,6.752745,6.123398,5.860981,6.012625,6.204681,6.222533,6.739966,5.828771,5.941766,6.66829,6.994111,6.173844,6.781883,6.449552,6.2333,5.825725,6.257342,7.237041,6.593137,6.118302,6.009602,6.316253,6.105252,5.986403,6.802602,5.7323,6.507252,7.445517,6.797463,6.009353,6.445772,6.945034,6.333809,6.291208,6.451158,6.503944,5.451334,6.095911,6.159469,6.88209,6.102391,6.039965,5.671009,6.252008,6.594256,5.993284,6.769936,6.487872,6.441315,5.965684,6.091652,7.819736,6.410813,6.373731,5.798923,6.181744,6.172637,5.679246,7.269012,5.720807,5.698902,5.995568,6.468293,6.409363
6.749294,7.000896,7.478689,6.635377,7.314604,7.020853,6.412108,8.560341,6.906675,7.339477,5.929425,6.057252,6.616795,6.369472,6.589543,7.972435,6.82126,6.38674,6.250335,6.189771,6.255657,6.58788,7.696223,6.45357,6.031825,6.978261,8.669304,6.195836,6.924039,6.676371,6.465094,6.161754,6.184174,7.507585,7.811021,6.433569,6.136389,6.214979,5.999408,6.361352,6.868194,6.410654,7.141905,7.622982,7.073683,6.011551,6.679567,7.689263,6.644248,6.032958,7.144296,6.965748,6.024685,5.989567,6.288134,7.485761,6.249824,6.645598,6.070155,6.356199,6.973442,6.862265,6.545435,6.608443,6.149782,6.176628,6.826035,7.547736,6.363215,6.544723,6.217863,6.624714,6.119078,5.682491,8.435267,6.153771,6.106692,6.491047,6.542357,6.680448
6.546325,7.485591,7.685465,6.992503,7.147043,6.756535,6.507071,9.363543,6.990265,8.048085,5.862699,5.971531,6.849761,6.343638,6.567746,9.471459,6.333749,6.299871,6.437646,6.434011,6.812613,7.063611,9.387923,6.385753,5.915674,7.135578,8.626839,6.113592,8.380103,7.436303,7.11554,6.991262,6.644868,8.05451,8.809964,6.7328,5.987727,6.647579,5.981482,6.117878,7.76244,6.119839,7.189616,8.105708,6.679862,6.462686,6.338313,8.304867,6.95033,6.507514,6.737101,7.81567,6.300106,6.107992,6.612214,7.902471,6.816117,6.962219,6.134555,6.462837,7.217664,6.59621,6.957468,7.31853,5.881021,6.445381,6.71434,8.069426,7.131642,6.807934,6.191771,7.184194,6.478055,5.8474,7.875021,6.300625,6.470884,6.940383,7.085995,6.832451
6.428923,7.846646,8.104341,6.982257,6.980961,7.110533,6.708688,9.484707,8.208479,7.474448,5.780998,6.187752,6.770913,6.615781,7.159465,9.161474,7.279244,6.83433,6.020774,6.780458,6.481872,6.807638,8.19088,6.464036,6.070249,7.818256,9.285104,6.687307,7.811735,7.281462,6.780352,6.488089,6.921793,7.57307,9.785184,6.614233,6.167502,6.717907,6.317595,6.210526,7.70296,6.190127,7.983886,9.202533,6.724263,6.621255,6.817522,8.439841,6.787817,6.394254,7.110114,7.303105,6.429385,6.280621,6.72822,8.493085,6.283913,7.141988,6.323605,7.293163,6.591606,7.394476,7.105704,6.750662,6.197507,6.616583,6.950389,8.958996,7.484814,6.99795,6.338738,6.687775,6.663672,5.673279,8.906294,6.14262,6.880529,7.413958,6.928853,6.530411
6.67283,10.604991,9.8626,7.465498,8.53749,7.587254,7.766203,14.025647,7.945124,8.876759,6.185284,6.459053,7.458271,6.724331,8.586554,8.786888,6.93894,6.789366,6.55842,6.829061,6.618291,7.857171,11.257859,7.040938,6.253685,7.899291,13.426826,6.457853,8.532617,9.424331,7.182117,6.772197,7.299086,9.910661,9.718379,7.044769,6.711712,7.188368,6.724068,7.491068,8.44531,5.94875,7.431812,29.694319,7.921508,6.653892,7.185186,8.986824,7.290772,6.800784,7.665802,7.890753,6.639752,6.615724,7.001339,8.07006,6.235091,8.676312,6.448933,6.769406,7.620714,6.53989,7.69995,7.957377,6.225731,6.918928,7.857854,9.649883,7.962591,7.966578,6.79957,8.947848,6.048359,6.063132,18.537044,6.379189,7.487146,7.941723,8.087707,7.897412
6.939903,10.015269,11.728294,7.416855,10.161946,7.297529,7.908042,12.143569,8.88983,9.324669,6.714204,6.474057,6.944803,6.8016,8.274322,8.951347,7.059056,6.930384,6.761277,7.499114,6.243189,8.425155,10.719618,7.596807,6.366148,7.898864,21.000677,7.411258,8.579151,10.613412,7.588653,7.149561,7.434235,10.009356,9.360349,7.583486,6.980407,6.85297,6.676613,7.317406,8.646529,6.40922,8.358296,38.902309,8.221583,7.718819,6.872394,8.775366,8.002231,6.626098,7.368482,8.240224,6.579459,6.892698,8.076327,10.608782,6.871488,8.999768,7.065996,7.307475,7.18869,7.049745,7.330572,7.472202,6.366423,7.066985,8.772048,10.30292,8.2291,7.764138,7.07906,9.232463,6.209775,6.555456,15.741348,6.897426,8.051285,9.517165,7.479101,7.355894
7.320594,11.001704,10.299974,7.617914,10.136412,7.451479,8.671652,16.92751,7.376392,9.494946,6.423148,7.051878,7.590346,7.485554,7.4645,8.938206,8.060141,8.279905,7.147646,7.667716,6.75572,9.045064,13.686939,8.073961,6.221235,8.247511,42.049238,7.690611,10.13013,10.477076,7.528179,7.891796,7.373753,10.498875,11.519783,9.569595,6.801604,7.221256,7.296248,12.16847,8.340603,6.259424,8.531337,48.132386,9.073609,7.406968,7.061056,8.982349,7.694163,8.050646,7.911208,9.10838,7.049503,7.067638,7.023119,10.574993,6.369018,10.79899,6.862261,7.017615,8.106904,7.215871,8.131962,8.53465,6.257291,6.994641,10.284434,9.423355,9.17685,7.750782,6.737022,12.748767,6.588488,6.180905,16.848228,7.291203,8.680491,10.269654,7.287136,7.440333
6.94212,7.980626,11.863741,9.22737,7.266123,7.198781,7.49557,16.582917,7.97982,9.983621,6.633597,7.160698,8.731755,7.478514,7.249536,9.718281,8.74879,6.699115,6.304972,7.58018,6.616689,9.87811,13.34556,7.081705,6.258576,6.473476,9.887615,8.713032,8.815116,12.587965,8.855197,6.034489,6.481844,16.156513,17.802011,8.246399,6.551181,8.047433,7.617553,7.069603,7.219488,6.775785,8.436375,26.834614,8.512419,7.003793,7.422984,7.906991,9.619601,7.101053,6.569266,7.835531,6.295835,7.263612,7.936655,7.874682,6.224162,10.76379,7.007847,7.340998,8.124878,7.094642,8.614898,10.151367,6.459695,7.474192,10.651994,6.920432,10.332885,7.202814,7.44453,9.122075,6.528232,6.439509,19.625862,7.151073,10.150742,11.514773,7.354964,6.853628
7.072028,8.827549,10.968612,9.601982,7.795516,6.574379,7.735804,13.663777,7.110735,9.182953,6.243281,7.790009,8.365634,7.260914,7.802157,11.179433,9.874847,6.694609,6.583675,7.222642,7.502083,10.856013,9.270433,7.523576,5.875946,6.897487,9.578687,7.850196,7.663517,13.209353,10.316627,6.133366,6.235701,20.599011,15.940828,7.74941,6.054508,8.513976,7.521672,7.007808,6.951197,7.804867,8.373499,29.849923,7.778031,7.122823,6.7267,7.178345,11.799752,6.516677,6.198167,8.309207,6.546645,7.069143,7.474203,8.171228,6.031334,9.340284,7.790059,7.966473,7.055288,7.473412,9.471142,13.372311,6.022445,7.60618,12.922205,7.772512,11.165015,9.083977,8.13229,9.043799,7.238294,6.634531,20.794361,6.789851,12.370852,11.963638,7.996047,6.75281
7.263121,8.195594,9.902077,10.756566,7.316083,9.059254,8.720553,14.054653,7.527139,8.321318,6.428352,8.369169,9.697508,8.048434,7.386488,12.743984,11.730273,7.530529,6.180132,7.492526,6.628279,10.761042,10.689636,7.690245,6.114086,6.966656,9.746849,9.05887,9.923164,15.441429,10.580371,6.251144,7.04202,33.368985,17.748185,7.125129,6.529295,9.352596,7.346776,6.773546,7.078918,6.88492,9.055563,41.552228,7.358163,8.024216,7.039893,7.814926,14.944941,6.691167,6.644802,9.501399,6.627137,7.626844,7.377573,7.395223,6.06362,9.995737,7.735221,8.212278,7.990983,7.634623,12.9443,15.745567,6.462944,7.462177,10.262312,7.873869,17.455374,8.51236,7.04257,8.054088,6.987958,6.904748,21.13968,7.04102,12.664803,13.649637,8.014186,6.901976
7.606494,10.498977,17.030999,12.998854,7.666993,10.095578,8.984871,35.484117,7.489735,12.814665,7.230511,8.35322,9.149519,9.813635,7.589798,12.155736,18.277963,8.170362,6.808885,8.248828,7.015118,11.045254,12.684597,8.385502,5.939322,6.614998,11.508837,9.012347,14.019046,18.06722,13.044869,6.226004,7.63639,41.927339,34.790526,7.625995,7.094636,17.98379,8.003779,8.594313,8.311311,7.30495,8.400942,30.722356,7.409438,8.597093,7.821374,8.598021,15.283077,6.783991,7.792774,9.628054,7.1555,7.783502,9.061754,7.328658,6.534429,15.647704,10.137705,16.598541,7.644566,7.922928,10.408822,23.207983,6.597305,9.802856,15.872364,8.041164,13.706785,8.343876,9.392356,9.496217,7.027208,7.627399,43.094117,7.078269,17.526885,21.191306,9.07583,8.305134
8.280991,18.45689,18.109759,11.714205,7.611061,8.685222,8.593028,46.099905,7.806421,12.841294,7.598746,9.723007,11.559132,10.092355,7.767313,12.467176,40.479745,8.57778,6.893541,7.712125,6.887259,14.351686,13.161593,8.315227,6.213068,6.912295,11.517301,8.14021,14.773881,25.433347,16.677586,6.52686,8.331072,37.883237,51.000608,7.772116,6.872349,27.494329,8.068997,8.350656,8.600508,6.9709,10.75047,35.034771,7.514798,11.079888,7.633182,8.445116,29.767026,6.809409,7.661806,11.610599,6.974039,8.186155,10.433429,8.66209,6.592281,21.274746,8.797484,16.618225,9.801669,9.422329,11.843154,16.114788,6.744611,8.816673,48.219747,8.425646,33.827886,9.419731,10.301833,12.078034,7.548502,8.108816,45.544812,8.93852,17.541082,34.91527,12.494286,8.380123
8.912467,14.08442,16.3088,13.133757,7.918272,11.244659,8.060458,49.714434,7.271153,19.245518,7.081885,13.672796,9.006097,12.321721,9.871949,13.638085,27.404724,10.941845,7.155739,8.131147,6.82019,14.927033,13.155852,8.646851,6.34732,7.625814,17.849654,11.25073,13.700418,44.157201,27.015516,6.864709,9.390462,40.206785,53.326738,7.26647,6.941483,36.897696,8.775254,7.688853,9.444238,7.207063,11.57736,26.048114,8.543468,11.789543,7.428784,10.309857,34.778354,6.515633,8.115541,11.243361,7.075468,8.408277,11.574633,7.903381,6.762475,15.832249,11.269117,42.616264,7.505192,11.295949,13.623391,35.066006,7.487378,12.510569,50.042598,9.284421,38.600568,9.388277,10.812745,10.715936,8.265664,8.408694,34.416286,8.291856,24.897883,41.113636,16.017802,8.777633
11.615613,14.069661,20.322384,13.696959,8.358719,15.609146,10.751767,54.366114,10.321402,14.652633,8.223372,14.036355,14.756772,35.907036,10.843712,24.424736,50.735688,11.64877,7.363352,12.46181,7.222518,27.298765,24.131139,13.054169,6.404105,8.314489,16.087456,10.167702,40.751536,49.222528,47.335679,7.112091,12.628843,43.987493,57.552818,9.845744,8.494867,37.988907,9.112468,11.363847,12.293229,8.425106,22.087611,41.693209,8.309397,19.529032,8.219111,17.818874,43.850383,7.739886,10.323147,10.686314,8.478639,7.382619,21.903684,11.49013,7.451133,39.284203,18.06805,52.201173,8.222334,10.035447,18.48113,50.746657,8.068466,16.909577,56.424498,11.040784,45.058675,9.705859,23.153788,26.699993,10.103088,11.397524,42.009928,8.519979,43.059403,55.171608,31.609426,9.679366
15.122711,16.073179,41.042984,15.897327,9.527711,27.947482,16.058992,52.892153,13.363003,34.226337,11.49266,18.25667,22.632549,56.039729,9.00931,39.213179,34.8549,13.026065,8.008356,17.223157,8.208753,24.799776,46.730322,13.150335,7.067339,8.8283,14.730404,10.462297,47.105912,54.525925,51.787087,6.986308,10.156985,38.911929,60.213718,13.051683,10.0545,43.403704,11.967414,15.523861,31.083259,8.309411,42.913256,53.62293,8.774694,25.213543,10.419817,19.571369,53.288757,7.134834,12.183536,11.748535,11.207875,7.980029,16.404073,13.222133,7.398946,31.3584,31.586199,53.59075,9.832025,9.321389,41.346259,53.520934,8.846114,30.477869,61.409455,10.912622,45.829347,8.859471,38.68321,47.250393,10.34307,16.871944,46.722249,8.704166,44.76589,57.968706,29.318979,12.310135
17.082258,13.655349,36.7168,17.596143,8.959222,41.099639,18.440545,52.900722,17.189397,25.838467,9.790134,37.304173,19.193191,56.554968,10.972136,43.123807,52.285984,24.628925,7.599776,20.111892,7.534726,21.273974,42.762486,22.73054,6.604666,9.445628,17.283436,11.330033,54.434141,49.675695,55.057335,7.04971,16.744229,43.860277,59.20354,12.677368,11.496884,53.252833,12.308274,18.536205,13.807045,8.745259,50.479148,56.332274,8.935419,47.832011,10.950945,22.067168,49.460791,9.110211,15.728527,13.329391,11.058449,9.696088,15.936021,19.197423,7.535147,24.336002,34.984373,58.810064,10.790157,10.101171,44.463888,54.086073,10.285938,34.141409,62.112603,11.739323,47.308536,10.489827,40.449984,38.274472,10.704596,13.685779,54.592829,9.805483,39.664679,58.028574,39.752201,15.170281
31.102892,47.4764,51.383309,15.506595,12.404755,38.075259,18.779999,57.906479,42.799916,43.416431,16.821285,48.51674,28.575173,55.153741,14.121732,56.256719,58.727647,50.934477,7.480949,33.941377,10.99674,45.701332,56.395833,50.743024,8.034245,10.757713,33.422008,18.00056,53.321308,54.442774,57.241439,7.945321,28.938982,50.702954,60.589994,11.716521,20.604035,59.034475,16.425619,39.222353,12.789379,14.646302,54.744911,59.56913,8.810923,54.373178,15.471946,38.929401,51.911369,9.429313,47.605827,41.146324,14.763608,13.502447,44.276209,32.496871,10.509348,42.887904,46.612867,58.799063,17.118501,15.066866,46.268211,57.992735,14.506318,39.448896,60.877238,20.911881,52.532446,25.574525,52.442268,45.672285,18.901639,27.491908,56.59452,12.937214,52.194369,60.305657,43.277642,44.823379
47.342188,53.441092,53.528489,19.492979,18.403898,45.479607,32.029591,58.198492,38.073474,49.808895,36.110757,48.858613,38.272798,56.186815,19.842655,58.482338,57.987784,55.865797,10.231028,53.850015,12.681699,55.059515,58.93587,45.770091,8.844886,9.954859,22.916459,38.400277,55.419512,54.700722,59.590235,13.046734,42.547449,52.269026,61.737858,16.394143,40.655669,60.34736,31.88632,39.072405,21.795026,16.404455,58.786459,59.028383,10.237275,57.308812,37.622089,47.77751,50.437193,11.965845,55.170769,39.223179,33.92699,12.479935,52.490021,54.016235,11.068464,55.936386,41.007113,60.404205,34.154095,17.585443,43.275274,58.81216,22.614461,50.274203,62.267097,36.759905,55.213559,20.790669,56.154528,57.362036,24.176344,51.284337,58.15049,33.452491,57.373192,60.525851,43.426067,53.570431
53.947942,57.154665,58.241371,29.844904,37.58784,44.907393,39.067183,55.663995,37.184874,54.128114,32.38165,53.211266,36.617176,54.649427,38.813976,58.088254,58.362143,55.236727,9.214531,53.860508,17.046453,56.546279,60.684691,49.012243,9.148821,13.127548,42.594578,33.947949,53.377989,58.720589,59.901078,12.325397,43.766841,53.618843,61.950915,20.762969,40.970933,58.280476,38.364197,49.488089,17.110608,15.729684,57.237915,61.357743,12.404438,57.936282,36.637879,53.409909,48.117687,14.104664,54.71411,47.565456,48.031547,18.514108,46.985921,57.0448,12.959098,55.465385,49.529639,60.487877,56.559594,16.726687,52.394229,59.174624,30.969436,53.724329,63.391854,33.211739,56.692276,43.284305,54.953808,58.104614,44.236161,54.092754,59.214867,40.771146,56.626125,61.041897,47.079518,52.614621
49.618264,60.052586,59.547066,52.068162,49.916394,54.221827,51.31142,59.552016,54.145067,58.599198,53.364508,56.404319,51.706748,57.261959,45.754483,59.717037,62.073965,55.836525,12.69658,57.835622,19.363795,58.894823,61.211029,52.833482,12.135969,44.112674,55.668819,52.688847,59.86429,58.222074,60.630959,15.066635,51.962331,57.543262,61.664241,21.398564,54.246003,61.973169,54.784648,45.28509,51.18987,36.167944,57.922631,62.009595,14.030846,57.753562,49.017336,40.210004,57.110532,35.915072,58.144134,55.776519,54.194304,45.94369,45.588032,57.750949,47.70761,59.217186,51.430707,61.235258,52.17875,14.688138,55.780545,60.492973,49.107261,58.446134,61.206729,53.941273,59.517815,33.841648,58.226881,58.291702,44.688794,56.439805,60.142937,55.181389,57.941363,59.917138,54.607881,57.46758
55.503436,61.959031,60.295048,54.673477,58.435878,56.772706,55.783476,59.425874,58.095017,60.420524,55.742895,59.659703,54.216267,59.45788,45.386346,61.816252,61.941927,58.894716,27.362252,57.477981,55.642037,60.78164,61.268972,55.162119,16.697845,50.833005,59.027585,58.513167,60.477646,60.545117,60.904535,36.532727,54.071265,56.540214,62.737408,47.921112,55.350112,62.050341,56.974921,55.86329,51.24798,54.434151,59.330925,60.803389,42.908298,61.476109,54.386877,37.86644,59.075859,56.053394,60.319394,60.145229,60.12555,53.042349,34.52889,59.326599,51.896602,58.737065,51.328577,59.524737,58.313389,15.616434,58.986202,61.217182,51.584937,59.985141,62.11307,53.340368,60.345495,56.651978,60.852063,61.117472,47.202354,60.769915,62.073089,59.302029,61.29449,60.869259,59.614909,57.978109
56.656661,61.692824,58.760624,56.584951,57.455306,59.419201,57.653068,58.192107,57.833727,59.692075,55.999696,60.60806,53.501367,60.984963,49.183162,61.40299,62.131089,57.934357,34.10058,58.765469,53.725437,61.387826,62.249212,53.264362,24.459153,54.022014,57.667028,58.768538,62.419874,61.462321,60.297108,50.524331,51.518485,58.46783,62.399411,51.708445,56.77463,62.012888,58.475742,60.619118,52.786347,53.183745,59.808341,62.182341,37.12555,59.812983,57.806304,43.669281,60.341178,59.656669,61.080511,60.36024,59.30088,56.448453,49.45735,60.456824,50.039303,59.954425,50.679482,59.274518,60.358852,20.342017,61.038466,60.715767,56.220893,60.509719,61.735949,58.879363,61.72125,54.753253,60.651253,62.330975,51.474853,61.596626,62.745066,61.163945,61.689504,61.65297,60.466531,55.80257
55.119003,61.598446,59.900353,58.828672,59.135305,59.07714,60.535305,60.453772,61.116089,61.352376,59.608617,60.408121,57.080966,60.660217,54.452302,62.824091,61.744301,60.138021,47.158654,60.94685,58.484234,60.3046,62.472869,58.359672,48.067498,58.106451,57.000139,61.103698,61.805454,61.687133,61.541304,54.059414,57.039664,58.444917,60.829833,57.578928,60.022754,62.239525,58.316654,59.688323,57.945527,56.792548,59.916527,62.612463,47.297031,59.508117,59.519881,56.978954,61.017593,59.677395,61.405831,60.498798,59.474915,59.785136,59.777205,61.226409,60.551496,61.410004,55.647682,60.267874,60.231489,37.975742,61.092473,61.525719,58.565292,60.67403,61.469764,56.88213,61.457815,58.511062,61.101796,60.256428,57.658017,60.223846,62.579726,58.791257,62.959579,60.73018,61.025495,58.384233
59.919088,61.525582,59.318725,59.490849,60.97489,62.526202,61.551992,61.421164,61.960418,61.302196,56.536157,60.244794,59.612786,60.921347,54.84972,60.348026,59.740112,62.404284,53.110477,60.923942,62.058296,61.301687,61.430504,61.350347,55.307161,60.919479,57.783233,62.311592,61.606151,60.598315,62.408013,57.105345,57.674279,60.92059,61.700577,58.05312,60.091326,61.625942,60.003088,61.07394,60.894542,60.931075,60.648807,62.053222,60.560815,62.060063,61.978976,60.460933,61.455799,60.313107,62.116757,60.868782,61.730208,61.642616,60.242947,61.440404,60.734259,57.849082,58.844269,60.478283,60.692495,55.203746,60.778516,61.317195,59.794387,61.066684,61.538435,59.250779,61.38147,59.385439,61.990364,60.355532,60.666152,61.726446,62.059513,61.623425,61.083842,61.842655,59.750299,58.919809
61.146321,60.264611,60.717186,61.286483,59.954482,62.457116,62.471593,61.872689,60.167693,61.204343,59.243713,62.449557,61.22987,61.953638,59.425455,60.204549,60.042929,61.354739,56.767022,60.783816,60.58968,60.844814,61.045529,60.539577,57.04282,61.626971,58.597242,62.318972,61.141462,61.741314,62.343882,60.578583,58.61356,62.855707,61.493853,59.384184,61.967006,62.411694,58.256091,61.768891,61.807421,60.975441,63.29529,61.837808,58.95051,61.931165,62.433577,61.537928,60.597647,61.515414,62.276031,60.939626,61.490422,62.126515,60.386393,62.175026,59.53612,60.529712,61.534983,60.913921,60.654344,58.075,61.842238,61.760526,61.403282,62.476006,62.315472,59.550025,61.032483,61.26566,61.467452,60.804316,58.100007,61.885004,63.241601,62.29615,62.315183,61.373103,61.848634,59.518815
61.740245,62.099981,61.647872,59.704869,61.34451,63.169819,63.078413,62.253068,62.834755,60.846423,59.558944,61.78694,61.442329,63.238093,56.527335,62.071026,62.019274,62.032092,58.321364,61.375763,61.853861,61.131912,61.727849,60.492577,58.442063,60.156251,58.542547,62.569327,63.077568,62.346037,61.417505,60.690942,60.333526,61.699782,61.744932,61.209556,63.108408,61.936811,59.939441,61.867652,61.875719,62.102666,62.837152,62.223035,61.426718,61.191418,61.671955,61.577124,61.813382,61.234174,61.530298,62.537591,61.253239,61.087133,62.039144,62.309781,60.194313,59.377846,62.135009,60.851409,62.024232,59.006597,62.719724,62.604808,61.769325,60.437143,61.066013,61.40351,61.258944,62.195226,62.391616,62.268164,60.159361,61.866914,61.585677,60.764565,60.524166,61.525556,61.844981,59.416224
62.460027,62.484596,61.44644,60.111408,61.861431,61.44943,62.24185,61.96615,61.768371,61.552068,59.544456,60.767255,62.761606,61.50165,60.209204,61.830163,61.674923,62.525873,59.831736,61.19348,62.675238,61.27461,61.276029,61.873323,61.169921,61.180568,61.064856,63.714457,62.089755,60.398484,61.72547,61.184038,62.360642,60.862472,62.540126,61.576333,61.284763,62.934416,60.268492,62.913329,62.757884,62.505794,62.530538,63.393473,62.808943,62.736118,62.370658,61.186684,61.706484,61.50951,61.544906,62.207885,62.338502,60.30149,61.804976,60.83211,62.411076,61.472547,62.014301,62.743398,60.889732,61.328197,61.808436,63.233324,62.853455,60.978378,62.426038,62.049055,60.898144,61.37824,61.778416,62.259213,61.311882,62.417696,62.068567,61.656212,61.717115,62.049257,60.418967,60.708583
61.471376,61.145801,61.379867,60.387289,63.558713,62.131142,61.55358,61.557631,61.026174,61.777794,60.847868,60.573815,60.712285,61.168155,61.955693,62.372617,62.185739,62.711264,59.631777,62.199978,61.839056,62.118241,60.880474,61.262179,60.120008,61.835384,62.94382,62.523798,62.235425,61.875813,59.909985,61.125789,63.023852,62.418357,61.979268,61.519881,60.788678,62.662434,61.706458,62.283994,61.91006,62.432547,61.378679,63.013486,61.441541,63.474827,63.120234,60.057383,63.056914,62.314298,61.456724,63.155365,61.406141,61.853593,61.74699,61.560987,62.06661,61.563102,62.034275,61.756827,61.772308,61.684556,61.265287,62.849845,62.248919,60.171974,62.291793,61.987267,62.605969,62.709208,61.832054,62.290584,61.082976,62.937462,62.060652,61.265938,61.567809,60.974016,62.315784,61.53377
62.149996,61.823663,63.164989,60.204254,62.194913,60.04886,61.194126,62.742902,61.147477,61.469993,60.537518,60.510935,62.267608,62.64059,61.060755,62.813188,62.226367,61.847119,62.762056,61.980972,62.419687,61.734599,61.064577,61.506039,61.951944,61.441106,61.285669,61.48728,62.013432,61.836376,59.362118,63.229053,62.515365,61.563361,63.149414,61.150203,61.289375,62.022618,62.952746,62.792438,63.130021,62.011526,61.073184,62.73541,63.029511,63.163196,62.920406,61.543801,62.433837,63.222758,60.982106,62.200018,62.740533,62.008904,61.643068,61.901963,62.59286,61.026943,60.849529,61.162264,62.980157,62.619856,61.929114,61.653253,61.360303,59.742446,62.588071,61.406911,61.267196,61.896634,60.648539,62.034922,60.954193,61.715907,61.213739,61.905648,61.54335,60.991141,62.35007,61.446972
61.070852,61.076226,63.17647,63.352604,62.369064,61.807019,61.031718,62.753384,61.841434,60.633578,61.227036,59.851361,62.319008,62.269603,61.109363,62.05766,62.47883,63.176912,61.275652,62.83939,62.978276,60.936216,61.002775,61.684437,61.591965,62.302974,61.978551,62.193239,63.013058,61.663444,60.614981,63.070246,62.343501,62.240775,63.290883,62.237775,60.572306,62.766716,61.556824,62.477541,62.02233,62.63179,60.703296,60.640559,63.588338,61.897683,62.594105,61.328327,62.92815,61.025708,60.499804,61.234166,60.850091,61.941913,62.467992,61.912115,61.015203,61.164728,62.703928,60.736657,61.256587,61.960364,62.57864,63.431869,62.274103,60.712094,62.675627,62.355265,62.602045,62.554533,61.37717,61.263898,61.310396,61.27547,62.167988,61.953682,61.620166,60.853112,62.020242,60.276567
