locustusers,locustusers,locustusers,locustusers,locustusers,locustusers,locustusers,locustusers,locustusers,locustusers,locustusers,locustusers,locustusers,locustusers,locustusers,locustusers,locustusers,locustusers,locustusers,locustusers,locustusers,locustusers,locustusers,locustusers,locustusers,locustusers,locustusers,locustusers,locustusers,locustusers,locustusers,locustusers,locustusers,locustusers,locustusers,locustusers,locustusers,locustusers,locustusers,locustusers,locustusers,locustusers,locustusers,locustusers,locustusers,locustusers,locustusers,locustusers,locustusers,locustusers,locustusers,locustusers,locustusers,locustusers,locustusers,locustusers,locustusers,locustusers,locustusers,locustusers,locustusers,locustusers,locustusers,locustusers,locustusers,locustusers,locustusers,locustusers,locustusers,locustusers,locustusers,locustusers,locustusers,locustusers,locustusers,locustusers,locustusers,locustusers,locustusers,locustusers
0,0,0,1,0,0,0,0,0,0,1,0,1,0,0,0,0,0,0,0,0,1,0,0,0,0,0,0,0,0,0,0,0,0,1,0,0,0,0,0,0,0,0,0,0,0,0,0,0,0,0,0,0,0,0,0,0,0,0,0,0,0,0,0,0,0,0,0,0,0,0,0,0,0,0,0,0,0,0,0
0,0,0,1,0,0,0,0,0,0,1,0,1,0,0,1,0,0,0,0,0,1,0,0,0,0,0,0,0,0,1,0,0,0,1,0,0,0,0,0,0,0,0,0,0,0,0,0,0,0,0,0,0,0,0,0,0,0,0,0,0,1,0,0,0,0,0,0,0,0,0,0,0,0,0,0,0,0,0,0
0,0,0,1,0,0,0,0,0,0,1,0,1,0,0,1,0,0,0,0,0,1,0,0,0,0,0,0,0,0,1,0,0,0,1,0,0,0,0,0,0,0,0,0,0,0,0,0,0,0,0,0,0,0,0,0,0,0,0,0,0,1,0,0,0,0,0,0,0,0,0,0,0,0,0,0,0,0,0,0
0,25,0,2,0,24,7,0,0,0,35,0,45,0,64,79,71,28,0,0,0,58,0,53,0,26,43,0,26,0,1,0,49,0,72,0,0,41,58,0,36,0,0,55,0,44,0,31,6,0,25,73,0,26,67,0,55,0,0,60,0,1,0,11,58,0,0,56,32,0,27,0,64,0,60,0,36,0,32,48
37,25,80,2,46,24,7,0,0,68,35,57,45,21,64,79,71,28,0,0,48,58,37,53,0,26,43,54,26,0,48,40,49,34,72,6,0,41,58,18,36,1,0,55,60,44,51,31,6,54,25,73,52,26,67,73,55,24,0,60,67,39,48,11,58,0,0,56,32,9,27,72,64,0,60,56,36,67,32,48
37,25,80,2,46,24,7,0,0,68,35,57,45,21,64,79,71,28,0,0,48,58,37,53,0,26,43,54,26,0,48,40,49,34,72,6,0,41,58,18,36,1,0,55,60,44,51,31,6,54,25,73,52,26,67,73,55,24,0,60,67,39,48,11,58,0,0,56,32,9,27,72,64,0,60,56,36,67,32,48
37,72,80,43,46,47,29,64,35,68,41,57,84,21,107,118,115,84,0,24,48,93,37,103,0,91,87,54,81,0,48,40,62,34,108,6,22,41,101,18,101,1,24,114,60,81,51,93,38,54,41,137,52,49,128,73,108,24,36,87,67,39,48,91,54,0,0,75,61,9,81,72,99,0,120,56,66,67,102,99
70,72,85,43,98,47,29,64,35,127,41,83,84,99,107,118,115,84,0,24,103,93,83,103,4,91,87,73,81,39,82,65,62,74,108,13,22,41,101,15,101,0,24,114,127,81,95,93,38,97,41,137,98,49,128,129,108,101,36,87,95,73,120,91,54,0,0,75,61,66,81,128,99,24,120,83,66,118,102,99
70,72,85,43,98,47,29,64,35,127,41,83,84,99,107,118,115,84,0,24,103,93,83,103,4,91,87,73,81,39,82,65,62,74,108,13,22,41,101,15,101,0,24,114,127,81,95,93,38,97,41,137,98,49,128,129,108,101,36,87,95,73,120,91,54,0,0,75,61,66,81,128,99,24,120,83,66,118,102,99
70,129,85,66,98,89,87,140,113,127,53,83,115,99,177,156,117,126,0,95,103,155,83,150,4,162,159,73,123,39,82,65,60,74,162,13,97,120,102,15,145,0,105,193,127,115,95,149,99,97,97,136,98,60,140,129,114,101,106,125,95,73,182,126,80,75,0,152,142,66,91,128,180,28,192,83,106,118,123,107
75,129,116,66,166,89,87,140,113,171,53,96,115,182,177,156,117,126,42,95,115,155,156,150,35,162,159,123,123,80,130,68,60,156,162,85,97,120,102,17,145,7,105,193,175,115,101,149,99,98,97,136,104,60,140,194,114,125,106,125,133,96,182,126,80,75,67,152,142,98,91,164,180,28,192,84,106,155,123,107
75,129,116,66,166,89,87,140,113,171,53,96,115,182,177,156,117,126,42,95,115,155,156,150,35,162,159,123,123,80,130,68,60,156,162,85,97,120,102,17,145,7,105,193,175,115,101,149,99,98,97,136,104,60,140,194,114,125,106,125,133,96,182,126,80,75,67,152,142,98,91,164,180,28,192,84,106,155,123,107
75,173,116,147,166,161,141,197,158,171,64,96,127,182,228,235,158,168,42,98,115,208,156,167,35,212,227,123,200,80,130,68,124,156,213,85,86,129,105,17,199,7,160,221,175,161,101,195,159,98,142,159,104,102,192,194,152,125,120,178,133,96,209,177,136,77,67,218,225,98,166,164,216,28,251,84,179,155,163,148
117,173,188,147,202,161,141,197,158,239,64,100,127,194,228,235,158,168,100,98,155,208,202,167,82,212,227,147,200,152,131,128,124,198,213,147,86,129,105,94,199,65,160,221,181,161,134,195,159,162,142,159,138,102,192,196,152,140,120,178,177,132,209,177,136,77,123,218,225,156,166,225,216,70,251,164,179,161,163,148
117,173,188,147,202,161,141,197,158,239,64,100,127,194,228,235,158,168,100,98,155,208,202,167,82,212,227,147,200,152,131,128,124,198,213,147,86,129,105,94,199,65,160,221,181,161,134,195,159,162,142,159,138,102,192,196,152,140,120,178,177,132,209,177,136,77,123,218,225,156,166,225,216,70,251,164,179,161,163,148
117,230,188,231,202,199,156,236,201,239,73,100,209,194,221,289,204,139,100,135,155,217,202,141,82,243,250,147,224,152,131,128,154,198,229,147,126,169,156,94,228,65,226,271,181,172,134,228,240,162,193,231,138,93,181,196,143,140,116,175,177,132,224,223,145,137,123,276,234,156,188,225,218,70,273,164,187,161,176,205
158,230,234,231,228,199,156,236,201,267,73,142,209,200,221,289,204,139,128,135,191,217,229,141,79,243,250,160,224,209,156,169,154,267,229,169,126,169,156,105,228,139,226,271,210,172,197,228,240,185,193,231,120,93,181,244,143,193,116,175,229,196,224,223,145,137,186,276,234,206,188,217,218,105,273,173,187,219,176,205
158,230,234,231,228,199,156,236,201,267,73,142,209,200,221,289,204,139,128,135,191,217,229,141,79,243,250,160,224,209,156,169,154,267,229,169,126,169,156,105,228,139,226,271,210,172,197,228,240,185,193,231,120,93,181,244,143,193,116,175,229,196,224,223,145,137,186,276,234,206,188,217,218,105,273,173,187,219,176,205
158,294,234,251,228,250,230,309,254,267,139,142,235,200,229,307,219,219,128,217,191,239,229,218,79,271,319,160,290,209,156,169,227,267,312,169,186,226,176,105,280,139,293,327,210,194,197,304,253,185,267,253,120,172,213,244,202,193,177,234,229,196,250,252,189,198,186,280,272,206,230,217,222,105,306,173,247,219,250,231
205,294,293,251,278,250,230,309,254,299,139,177,235,205,229,307,219,219,185,217,212,239,313,218,140,271,319,212,290,287,241,251,227,302,312,251,186,226,176,168,280,167,293,327,259,194,226,304,253,217,267,253,184,172,213,301,202,271,177,234,271,261,250,252,189,198,271,280,272,267,230,268,222,149,306,224,247,284,250,231
205,294,293,251,278,250,230,309,254,299,139,177,235,205,229,307,219,219,185,217,212,239,313,218,140,271,319,212,290,287,241,251,227,302,312,251,186,226,176,168,280,167,293,327,259,194,226,304,253,217,267,253,184,172,213,301,202,271,177,234,271,261,250,252,189,198,271,280,272,267,230,268,222,149,306,224,247,284,250,231
205,333,293,299,278,264,305,355,294,299,164,177,255,205,307,311,267,274,185,288,212,297,313,299,140,310,381,212,328,287,241,251,280,302,348,251,241,256,252,168,322,167,297,405,259,278,226,318,286,217,288,311,184,253,291,301,223,271,252,274,271,261,250,287,217,268,271,334,320,267,260,268,237,149,379,224,301,284,267,280
265,333,341,299,330,264,305,355,294,329,164,252,255,263,307,311,267,274,258,288,233,297,356,299,198,310,381,289,328,347,297,265,280,355,348,319,241,256,252,232,322,208,297,405,304,278,269,318,286,262,288,311,242,253,291,331,223,343,252,274,296,269,300,287,217,268,328,334,320,297,260,347,237,232,379,269,301,345,267,280
265,333,341,299,330,264,305,355,294,329,164,252,255,263,307,311,267,274,258,288,233,297,356,299,198,310,381,289,328,347,297,265,280,355,348,319,241,256,252,232,322,208,297,405,304,278,269,318,286,262,288,311,242,253,291,331,223,343,252,274,296,269,300,287,217,268,328,334,320,297,260,347,237,232,379,269,301,345,267,280
265,307,341,326,330,278,293,349,275,329,211,252,306,263,272,331,315,235,258,274,233,344,356,275,198,241,311,289,307,347,297,265,230,355,364,319,198,308,275,232,262,208,304,381,304,268,269,279,355,262,231,295,242,262,284,331,187,343,281,307,296,269,300,353,199,278,328,291,340,297,260,347,256,232,359,269,353,345,268,247
266,307,339,326,253,278,293,349,275,312,211,303,306,290,272,331,315,235,199,274,233,344,329,275,132,241,311,310,307,363,328,158,230,386,364,278,198,308,275,254,262,265,304,381,288,268,257,279,355,239,231,295,220,262,284,288,187,329,281,307,280,279,329,353,199,278,338,291,340,298,260,296,256,227,359,254,353,355,268,247
266,307,339,326,253,278,293,349,275,312,211,303,306,290,272,331,315,235,199,274,233,344,329,275,132,241,311,310,307,363,328,158,230,386,364,278,198,308,275,254,262,265,304,381,288,268,257,279,355,239,231,295,220,262,284,288,187,329,281,307,280,279,329,353,199,278,338,291,340,298,260,296,256,227,359,254,353,355,268,247
266,361,339,351,253,327,306,409,288,312,270,303,322,290,299,341,375,309,199,283,233,352,329,307,132,253,355,310,356,363,328,158,305,386,416,278,244,383,303,254,296,265,327,382,288,344,257,311,392,239,282,336,220,289,346,288,248,329,325,387,280,279,329,380,279,333,338,303,379,298,337,296,273,227,393,254,380,355,345,310
337,361,375,351,292,327,306,409,288,368,270,348,322,358,299,341,375,309,250,283,265,352,349,307,215,253,355,314,356,404,367,233,305,399,416,301,244,383,303,300,296,278,327,382,299,344,269,311,392,243,282,336,275,289,346,292,248,376,325,387,301,334,337,380,279,333,421,303,379,329,337,376,273,310,393,315,380,417,345,310
337,361,375,351,292,327,306,409,288,368,270,348,322,358,299,341,375,309,250,283,265,352,349,307,215,253,355,314,356,404,367,233,305,399,416,301,244,383,303,300,296,278,327,382,299,344,269,311,392,243,282,336,275,289,346,292,248,376,325,387,301,334,337,380,279,333,421,303,379,329,337,376,273,310,393,315,380,417,345,310
337,363,375,362,292,380,372,423,369,368,315,348,372,358,329,414,404,366,250,364,265,390,349,383,215,319,369,314,414,404,367,233,351,399,490,301,313,393,342,300,357,278,410,440,299,380,269,374,409,243,363,338,275,296,374,292,282,376,381,446,301,334,337,419,318,365,421,342,406,329,417,376,349,310,412,315,394,417,382,355
364,363,402,362,320,380,372,423,369,388,315,384,372,437,329,414,404,366,280,364,284,390,413,383,251,319,369,352,414,419,441,263,351,400,490,359,313,393,342,376,357,315,410,440,311,380,339,374,409,316,363,338,354,296,374,376,282,383,381,446,339,337,404,419,318,365,503,342,406,339,417,400,349,355,412,317,394,467,382,355
364,363,402,362,320,380,372,423,369,388,315,384,372,437,329,414,404,366,280,364,284,390,413,383,251,319,369,352,414,419,441,263,351,400,490,359,313,393,342,376,357,315,410,440,311,380,339,374,409,316,363,338,354,296,374,376,282,383,381,446,339,337,404,419,318,365,503,342,406,339,417,400,349,355,412,317,394,467,382,355
364,429,402,377,320,398,399,458,407,388,398,384,391,437,356,455,465,433,280,430,284,443,413,418,251,341,384,352,428,419,441,263,405,400,508,359,396,468,384,376,376,315,434,508,311,455,339,396,416,316,445,394,354,356,405,376,358,383,410,478,339,337,404,455,401,431,503,400,449,339,431,400,388,355,450,317,464,467,395,416
431,429,444,377,383,398,399,458,407,436,398,435,391,442,356,455,465,433,325,430,365,443,478,418,320,341,384,405,428,452,485,341,405,443,508,377,396,468,384,396,376,379,434,508,328,455,399,396,416,371,445,394,405,356,405,438,358,456,410,478,422,364,411,455,401,431,510,400,449,390,431,471,388,432,450,402,464,471,395,416
431,429,444,377,383,398,399,458,407,436,398,435,391,442,356,455,465,433,325,430,365,443,478,418,320,341,384,405,428,452,485,341,405,443,508,377,396,468,384,396,376,379,434,508,328,455,399,396,416,371,445,394,405,356,405,438,358,456,410,478,422,364,411,455,401,431,510,400,449,390,431,471,388,432,450,402,464,471,395,416
431,487,444,445,383,457,441,463,467,436,434,435,424,442,382,496,487,466,325,462,365,514,478,434,320,421,384,405,509,452,485,341,438,443,526,377,460,531,453,396,438,379,462,511,328,479,399,406,478,371,486,454,405,430,424,438,429,456,421,481,422,364,411,498,450,496,510,443,517,390,506,471,404,432,506,402,499,471,463,450
435,487,458,445,457,457,441,463,467,512,434,504,424,490,382,496,487,466,395,462,432,514,548,434,382,421,445,478,509,537,501,403,438,451,526,416,460,531,453,453,438,433,462,511,402,479,452,406,478,446,486,454,466,430,424,501,429,460,421,481,498,375,483,498,450,496,538,443,517,434,506,525,404,505,506,470,499,524,463,450
435,487,458,445,457,457,441,463,467,512,434,504,424,490,382,496,487,466,395,462,432,514,548,434,382,421,445,478,509,537,501,403,438,451,526,416,460,531,453,453,438,433,462,511,402,479,452,406,478,446,486,454,466,430,424,501,429,460,421,481,498,375,483,498,450,496,538,443,517,434,506,525,404,505,506,470,499,524,463,450
435,489,458,485,457,528,256,523,532,512,457,504,495,490,438,501,489,520,395,526,432,537,548,492,382,486,445,478,536,537,501,403,466,451,534,416,513,552,457,453,480,433,532,512,402,536,452,488,500,446,533,517,466,503,496,501,501,460,487,489,498,375,483,511,520,536,538,502,540,434,560,525,458,505,536,470,542,524,539,474
514,489,486,485,530,528,512,523,532,529,457,533,495,541,438,501,489,520,436,526,512,537,557,492,440,486,483,510,536,542,543,485,466,534,534,480,513,552,457,533,480,488,532,512,486,536,518,488,500,529,533,517,534,503,496,557,501,484,487,489,534,453,500,511,520,536,566,502,540,480,560,546,458,511,536,553,542,544,539,474
514,489,486,485,530,528,512,523,532,529,457,533,495,541,438,501,489,520,436,526,512,537,557,492,440,486,483,510,536,542,543,485,466,534,534,480,513,552,457,533,480,488,532,512,486,536,518,488,500,529,533,517,534,503,496,557,501,484,487,489,534,453,500,511,520,536,566,502,540,480,560,546,458,511,536,553,542,544,539,474
514,561,486,533,530,537,553,590,564,529,515,533,580,541,520,586,556,597,436,548,512,544,557,541,440,566,483,510,592,542,543,485,528,534,569,480,532,593,519,533,533,488,570,523,486,551,518,558,568,529,566,535,534,527,524,557,531,484,551,545,534,453,500,548,560,574,566,525,575,480,588,546,523,511,599,553,585,544,568,529
536,561,542,533,598,537,553,590,564,531,515,585,580,575,520,586,556,597,519,548,595,544,597,541,516,566,567,519,592,573,578,566,528,540,569,529,532,593,519,543,533,554,570,523,536,551,569,558,568,597,566,535,571,527,524,565,531,543,551,545,548,530,567,548,560,574,568,525,575,521,588,593,523,562,599,589,585,571,568,529
536,561,542,533,598,537,553,590,564,531,515,585,580,575,520,586,556,597,519,548,595,544,597,541,516,566,567,519,592,573,578,566,528,540,569,529,532,593,519,543,533,554,570,523,536,551,569,558,568,597,566,535,571,527,524,565,531,543,551,545,548,530,567,548,560,574,568,525,575,521,588,593,523,562,599,589,585,571,568,529
536,600,542,600,598,600,553,600,600,531,600,585,600,575,600,600,600,600,519,600,595,600,597,600,516,600,567,519,600,573,578,566,600,540,600,529,600,600,600,543,600,554,600,600,536,600,569,600,600,597,600,600,571,600,600,565,600,543,600,600,548,530,567,600,600,600,568,600,600,521,600,593,600,562,600,589,600,571,600,600
600,600,600,600,600,600,600,600,600,600,600,600,600,600,600,600,600,600,600,600,600,600,600,600,600,600,600,600,600,600,600,600,600,600,600,600,600,600,600,600,600,600,600,600,600,600,600,600,600,600,600,600,600,600,600,600,600,600,600,600,600,600,600,600,600,600,600,600,600,600,600,600,600,600,600,600,600,600,600,600
600,600,600,600,600,600,600,600,600,600,600,600,600,600,600,600,600,600,600,600,600,600,600,600,600,600,600,600,600,600,600,600,600,600,600,600,600,600,600,600,600,600,600,600,600,600,600,600,600,600,600,600,600,600,600,600,600,600,600,600,600,600,600,600,600,600,600,600,600,600,600,600,600,600,600,600,600,600,600,600
