percentile_viewfeedresponsetime_edge1,percentile_viewfeedresponsetime_edge1,percentile_viewfeedresponsetime_edge1,percentile_viewfeedresponsetime_edge1,percentile_viewfeedresponsetime_edge1,percentile_viewfeedresponsetime_edge1,percentile_viewfeedresponsetime_edge1,percentile_viewfeedresponsetime_edge1,percentile_viewfeedresponsetime_edge1,percentile_viewfeedresponsetime_edge1,percentile_viewfeedresponsetime_edge1,percentile_viewfeedresponsetime_edge1,percentile_viewfeedresponsetime_edge1,percentile_viewfeedresponsetime_edge1,percentile_viewfeedresponsetime_edge1,percentile_viewfeedresponsetime_edge1,percentile_viewfeedresponsetime_edge1,percentile_viewfeedresponsetime_edge1,percentile_viewfeedresponsetime_edge1,percentile_viewfeedresponsetime_edge1,percentile_viewfeedresponsetime_edge1,percentile_viewfeedresponsetime_edge1,percentile_viewfeedresponsetime_edge1,percentile_viewfeedresponsetime_edge1,percentile_viewfeedresponsetime_edge1,percentile_viewfeedresponsetime_edge1,percentile_viewfeedresponsetime_edge1,percentile_viewfeedresponsetime_edge1,percentile_viewfeedresponsetime_edge1,percentile_viewfeedresponsetime_edge1,percentile_viewfeedresponsetime_edge1,percentile_viewfeedresponsetime_edge1,percentile_viewfeedresponsetime_edge1,percentile_viewfeedresponsetime_edge1,percentile_viewfeedresponsetime_edge1,percentile_viewfeedresponsetime_edge1,percentile_viewfeedresponsetime_edge1,percentile_viewfeedresponsetime_edge1,percentile_viewfeedresponsetime_edge1,percentile_viewfeedresponsetime_edge1,percentile_viewfeedresponsetime_edge1,percentile_viewfeedresponsetime_edge1,percentile_viewfeedresponsetime_edge1,percentile_viewfeedresponsetime_edge1,percentile_viewfeedresponsetime_edge1,percentile_viewfeedresponsetime_edge1,percentile_viewfeedresponsetime_edge1,percentile_viewfeedresponsetime_edge1,percentile_viewfeedresponsetime_edge1,percentile_viewfeedresponsetime_edge1,percentile_viewfeedresponsetime_edge1,percentile_viewfeedresponsetime_edge1,percentile_viewfeedresponsetime_edge1,percentile_viewfeedresponsetime_edge1,percentile_viewfeedresponsetime_edge1,percentile_viewfeedresponsetime_edge1,percentile_viewfeedresponsetime_edge1,percentile_viewfeedresponsetime_edge1,percentile_viewfeedresponsetime_edge1,percentile_viewfeedresponsetime_edge1,percentile_viewfeedresponsetime_edge1,percentile_viewfeedresponsetime_edge1,percentile_viewfeedresponsetime_edge1,percentile_viewfeedresponsetime_edge1,percentile_viewfeedresponsetime_edge1,percentile_viewfeedresponsetime_edge1,percentile_viewfeedresponsetime_edge1,percentile_viewfeedresponsetime_edge1,percentile_viewfeedresponsetime_edge1,percentile_viewfeedresponsetime_edge1,percentile_viewfeedresponsetime_edge1,percentile_viewfeedresponsetime_edge1,percentile_viewfeedresponsetime_edge1,percentile_viewfeedresponsetime_edge1,percentile_viewfeedresponsetime_edge1,percentile_viewfeedresponsetime_edge1,percentile_viewfeedresponsetime_edge1,percentile_viewfeedresponsetime_edge1,percentile_viewfeedresponsetime_edge1,percentile_viewfeedresponsetime_edge1
0,0,0,3.367314,0,0,0,0,0,0,2.34756,0,62.415776,0,0,0,0,0,0,0,0,0,0,0,0,0,0,0,0,0,0,0,0,0,2.3637,0,0,0,0,0,0,0,0,0,0,0,0,0,0,0,0,0,0,0,0,0,0,0,0,0,0,0,0,0,0,0,0,0,0,0,0,0,0,0,0,0,0,0,0,0
0,0,0,97.764218,0,0,0,0,0,0,64.565039,0,75.525488,0,0,29.663911,0,0,0,0,0,0,0,0,0,0,0,0,0,0,0,0,0,0,90.48726,0,0,0,0,0,0,0,0,0,0,0,0,0,0,0,0,0,0,0,0,0,0,0,0,0,0,17.609588,0,0,0,0,0,0,0,0,0,0,0,0,0,0,0,0,0,0
0,0,0,85.57576,0,0,0,0,0,0,101.690594,0,63.331582,0,0,100.191364,0,0,0,0,0,0,0,0,0,0,0,0,0,0,0,0,0,0,96.97479,0,0,0,0,0,0,0,0,0,0,0,0,0,0,0,0,0,0,0,0,0,0,0,0,0,0,101.382383,0,0,0,0,0,0,0,0,0,0,0,0,0,0,0,0,0,0
0,45.54808,0,89.224867,0,68.623565,0,0,0,0,67.172936,0,87.973698,0,61.834274,103.028814,53.137679,36.921742,0,0,0,56.650159,0,33.80285,0,80.419225,0,0,71.598903,0,0,0,21.011965,0,49.933888,0,0,70.038875,44.917312,0,46.303022,0,0,0,0,35.104386,0,79.011551,92.770212,0,9.428863,79.275345,0,71.774397,34.512102,0,40.897578,0,0,10.022396,0,97.572033,0,85.482145,39.685021,0,0,63.338017,10.464081,0,74.203855,0,37.980007,0,67.12973,0,77.193901,0,70.607879,8.695317
81.797358,92.341652,54.778265,102.43944,72.716092,93.566995,61.338161,0,0,68.230263,84.084858,65.390066,86.327716,85.86331,75.512252,64.290409,72.403854,89.37074,0,0,81.003728,83.578841,87.573579,85.994351,0,84.608619,75.132291,54.046838,91.326827,0,83.746406,73.345449,85.345984,53.373918,64.044267,74.564925,0,86.538474,79.64553,83.616205,71.337371,75.358713,0,77.388456,65.131096,68.913415,76.627898,82.731302,105.596898,65.746976,82.601191,72.059256,72.196537,93.575838,77.643031,65.686576,78.792237,89.67829,0,77.355929,65.914128,91.597508,72.141226,87.663109,78.726419,0,0,83.431842,83.915778,88.055578,79.609862,64.34184,73.526525,0,73.71777,76.983074,78.008404,77.449868,92.784871,77.470634
85.122575,99.796859,64.878602,106.77159,83.932713,94.808764,85.960007,0,0,78.920252,89.289166,81.657187,87.596001,88.045568,78.916505,86.457296,80.782373,88.043204,0,0,82.523771,83.45356,91.587644,81.189804,0,94.629889,84.088888,80.077514,91.782522,0,85.742704,90.597999,82.996004,88.247247,77.326105,93.330284,0,91.726615,80.392014,88.235727,91.963358,72.987126,0,85.537743,73.044554,85.356362,90.068898,94.484962,79.967169,94.96404,94.94193,70.562743,92.788075,80.766842,80.14744,80.263812,86.202383,91.107113,0,80.764037,85.355082,90.515456,88.084606,91.809607,86.707197,0,0,81.990538,88.752976,96.024629,91.276063,85.569687,89.52176,0,85.575903,84.914496,91.794319,82.757556,92.796839,83.382228
91.126513,79.86088,74.73261,76.525677,87.927105,93.100193,104.159519,71.874039,35.445789,87.713321,88.761563,83.064705,84.066105,94.259453,75.752002,74.757818,64.171205,86.92927,0,40.247115,90.522769,75.910202,91.14334,81.125694,0,82.88869,82.986143,89.447501,88.364159,0,88.513007,96.193551,85.178477,84.022442,69.904274,101.134466,65.19266,85.4894,80.599366,94.440233,76.716264,56.65767,67.518001,94.626374,74.469486,88.58365,80.464589,73.927707,73.324039,84.930977,91.983047,65.793257,94.270065,94.309226,75.497581,87.036086,89.397858,87.257342,71.453053,83.569013,81.356555,92.886227,80.291722,66.412807,86.933583,0,0,81.248215,93.848058,97.213656,88.589072,80.134547,80.428948,0,74.838522,90.30505,88.719011,77.912914,71.067415,87.837281
82.344705,84.298668,67.102097,76.234352,53.202824,82.386046,84.668233,82.965161,75.004142,65.483973,92.353581,75.670691,63.120944,60.313313,70.388818,50.301609,65.968227,67.627161,0,94.411832,65.459179,67.873917,58.670054,58.841242,83.678316,70.744719,77.285268,85.255295,80.205902,92.002299,77.553998,81.970493,88.627991,79.596507,69.996694,96.12676,88.07749,83.837669,72.872771,90.457933,58.403688,23.712307,80.352116,59.585932,56.339775,81.806996,65.843286,74.06942,81.086685,76.242036,90.501872,54.146892,68.5381,94.103844,50.68718,62.243818,58.216451,71.827634,81.25563,75.424174,76.878538,78.201578,60.250053,63.278874,83.060794,0,0,67.752246,79.975697,87.606824,76.527727,53.983774,64.663952,86.306494,56.764631,77.891836,78.118471,57.060842,73.551882,73.042933
80.130661,74.438928,73.325654,88.407706,58.596335,91.666372,94.193594,78.491716,94.649243,56.353632,89.32282,75.948284,74.700733,65.892677,58.726114,68.568049,66.355811,72.554589,0,94.980781,70.864253,75.70403,74.309352,68.359487,104.565719,77.992698,73.253944,82.761448,82.236128,91.031324,78.445403,79.23729,77.08919,74.071081,72.903923,109.926669,91.640092,88.564494,55.982922,96.399761,50.137097,0,101.247561,63.043155,51.960446,80.768055,74.471382,74.212016,92.179819,60.456109,81.438258,53.654109,64.660155,87.720047,49.314473,50.504239,67.512087,80.088401,86.267234,79.294645,69.855003,81.82822,64.834576,69.16527,88.937682,0,0,76.115577,83.366408,85.396222,76.802274,63.811796,61.414338,93.434957,61.006683,77.181706,81.263341,64.644539,63.833914,81.215353
78.685586,67.181806,75.000192,88.068505,67.306162,85.660108,101.299968,67.050561,90.534789,57.187324,98.346842,71.067204,69.064444,73.504791,46.000537,63.728505,76.097096,74.360279,0,81.597646,68.709295,60.571059,71.209278,53.250852,82.206768,56.107716,67.31685,85.603047,68.443426,82.895691,75.882252,83.715532,91.659159,73.859989,56.656626,83.521586,73.295369,63.57504,68.913327,101.587335,64.08186,0,77.684835,61.279796,50.215265,73.004899,76.40434,70.518013,83.670964,75.877212,82.949751,57.258057,59.003955,82.037066,52.234745,77.652153,66.774355,64.925551,80.097701,82.444002,62.230662,82.535237,49.960969,67.27768,86.051123,54.937543,0,63.748445,75.698376,91.193412,83.85986,58.637527,68.734852,99.276301,45.725341,63.491573,73.318794,66.928035,63.187903,74.590318
81.028151,52.441821,63.498532,90.945351,39.693213,72.515264,69.356629,54.708511,58.263483,55.647254,89.152767,66.967561,64.35852,52.038804,44.097075,45.878422,65.177519,51.305543,78.918112,69.124907,61.742591,49.317917,44.616871,45.708601,74.745605,45.687809,53.67984,66.971218,58.555083,79.352647,58.881162,82.858783,82.554316,54.417171,41.862953,45.553199,74.222932,51.716992,68.823383,91.734184,52.415185,81.686208,68.913922,62.959395,61.439501,53.989398,67.75265,49.570399,44.552911,76.285631,82.31504,60.289567,57.876457,87.783787,53.974112,48.188513,65.820156,64.359929,66.613709,68.090765,62.621139,64.427864,44.14188,62.799145,76.886477,72.526966,73.600179,44.191599,48.407949,75.511025,78.656311,44.53456,40.500289,82.873788,40.18722,72.920671,77.85116,43.631777,62.506268,67.7577
84.569233,51.636033,65.871474,84.092413,46.083684,66.038535,79.48998,51.08785,56.97134,41.268704,85.609475,78.428636,76.371885,39.787924,49.687617,46.853973,64.635008,63.052906,89.505263,67.202449,58.570996,59.74362,45.994076,46.362552,88.894812,52.90573,42.999398,60.609907,56.565177,78.672926,64.622819,73.740301,92.03552,45.192551,54.080668,73.436427,70.091177,56.75673,70.961354,101.16567,51.253081,99.539778,64.479855,48.090555,47.181349,65.243248,52.18008,57.376015,75.988882,68.740773,67.384495,61.182081,77.746223,82.284794,46.574622,46.378464,60.294254,55.406032,64.301008,63.454083,49.663275,67.302096,43.031311,60.341074,79.27096,81.378478,83.074514,54.602513,54.044553,71.325499,78.115335,59.54752,45.174843,105.029228,41.385283,83.45363,74.127279,57.583062,53.945052,63.173045
79.006367,42.880536,62.218693,71.083902,51.360766,53.560367,66.919581,51.601784,52.55476,46.480624,88.176136,65.242195,65.703671,53.98866,47.804228,42.697669,51.275767,60.442166,90.203086,70.600025,66.658847,52.983574,50.564102,47.432959,92.956884,57.110754,45.153565,53.349881,60.272974,74.337917,62.947915,74.386754,82.166368,50.258152,43.651858,71.829983,68.380382,41.740339,68.625492,101.327507,49.29711,97.240576,53.007574,52.475368,45.089336,49.235815,75.757328,44.135018,56.171043,69.477777,75.022439,49.478824,72.570591,78.286751,50.929129,43.924879,65.920964,62.579746,70.80054,65.070185,55.497841,74.870363,45.577007,47.532317,80.029428,71.578405,89.108304,46.954817,49.699298,71.763313,62.015917,59.435196,47.411057,90.664228,41.278523,73.199916,51.165332,48.293922,48.822709,65.652759
60.814791,45.70614,48.912933,52.118415,47.488091,43.990222,39.820562,41.566751,48.413316,51.028704,81.110647,60.357974,59.759912,52.429673,47.926223,50.990948,60.774647,45.301333,74.967387,78.83456,54.364602,44.44554,41.604611,46.632796,71.071706,41.004477,48.679449,58.939038,41.097905,45.0335,72.533011,62.44431,60.36991,49.110594,45.907201,45.920752,62.742522,41.487612,62.283286,55.035477,48.676499,67.930285,57.708332,48.703322,54.75833,45.50667,53.051625,41.066808,40.226205,49.290535,57.618702,47.418531,53.645659,64.105417,42.032655,49.618352,47.706733,62.229999,64.795618,50.013861,42.124646,51.9822,49.264573,52.458681,46.560225,82.997643,57.556814,48.518741,45.104055,56.679373,42.781615,51.151517,46.290398,72.351738,45.119351,42.116499,40.575646,58.919942,50.973455,48.87444
57.966961,46.614578,43.184757,47.620658,48.841928,53.385706,42.461751,44.895958,51.988829,51.612277,93.77289,62.060884,59.77057,46.007718,59.634392,45.889826,55.50082,44.312962,67.705081,71.924453,49.347634,55.22464,46.262605,49.93567,76.18781,44.157247,51.963388,55.137335,42.204692,46.883127,55.916796,51.143659,65.34322,42.706073,42.500889,43.85546,83.952872,52.671958,68.526864,66.559483,44.563395,79.775985,45.20437,40.023832,56.806045,47.009019,56.914543,53.268796,47.307126,47.753773,46.192328,55.386274,43.681309,68.2584,43.75303,47.343111,47.601234,50.844468,63.451806,47.165848,44.502646,58.459307,61.932023,47.574765,55.372644,79.271723,55.345886,49.097831,54.726081,44.65712,52.51428,54.702515,50.192356,82.139873,54.361896,45.096039,51.559623,47.103912,48.32282,59.27012
60.502074,53.88802,53.288057,57.845772,51.882195,48.529549,52.353219,49.663977,58.317331,48.428783,75.670256,70.671404,66.661392,46.005779,44.687834,50.903281,40.87706,51.346902,63.81591,71.211341,45.18988,49.36255,48.755699,48.479852,74.631768,48.31132,51.43183,60.600793,48.264656,57.878134,71.670975,56.504187,64.708768,47.060155,49.758299,57.404744,70.895252,45.871594,59.460755,64.098231,48.085509,82.479704,44.874967,58.731425,46.375537,50.177068,52.147861,52.143648,49.758248,46.732798,52.763951,47.681116,50.057764,80.659233,44.133389,42.968607,53.762667,59.066767,73.393072,50.796336,49.00119,65.163955,49.137816,47.673695,53.019158,68.712335,62.797456,47.266815,43.011946,48.010529,47.036564,48.410746,51.388587,77.316053,50.159622,56.095927,70.956819,56.935745,52.383832,51.215601
55.215271,55.378074,53.465959,47.977538,47.309134,46.549728,55.319864,49.564846,46.030869,58.787535,79.242046,40.325462,42.325498,46.043437,49.254391,51.324572,47.927335,62.084128,54.191778,50.504307,43.293149,58.857054,56.029134,58.261367,82.056238,54.99849,54.326803,64.189607,48.006738,45.398806,54.816754,52.550373,46.674862,57.907764,51.269117,48.628072,56.600963,44.827109,47.833074,66.870503,87.932765,45.203344,50.869904,53.220202,48.869627,49.818651,44.892701,47.355333,44.263921,45.689336,43.59063,53.025858,50.95779,71.754758,46.318516,56.06989,52.013714,47.568148,60.72407,48.860681,41.228514,48.344778,50.428207,44.986262,47.200691,53.06421,43.340949,59.097821,45.145657,51.561467,44.38328,44.531954,53.274143,63.280277,51.352665,47.09461,55.538118,44.454109,57.816321,41.478401
40.854486,52.018799,45.092862,57.083338,50.371485,49.153637,48.472545,50.871192,51.907722,56.045336,84.167236,55.706551,46.441565,50.943501,58.170526,58.946069,47.443472,58.341618,61.084629,68.276433,50.245478,52.606826,46.326846,59.072224,76.339595,56.24498,57.720865,48.684838,67.031078,42.586532,56.201253,49.05659,54.642302,51.704808,44.761775,52.676166,55.529967,41.238106,48.961983,54.7013,74.407782,50.473624,53.83632,58.89176,45.569642,50.022623,48.399735,50.842878,52.780393,51.802832,41.166701,48.585988,53.453359,74.963974,49.617045,52.473768,51.680431,54.018788,71.674116,52.759675,41.983933,48.156858,53.689196,50.765236,45.451262,52.769426,40.780187,65.254422,48.972331,44.365173,46.627901,48.89717,46.538762,70.893851,61.286118,56.993912,48.686299,53.498261,51.816243,44.306216
44.426728,45.755097,49.597117,55.594944,53.774995,51.02635,56.036256,57.285136,46.58148,55.22693,65.053733,53.538339,44.666133,54.353995,52.205812,58.503772,56.978269,59.446425,52.474625,48.614193,53.265377,46.04059,51.618865,48.673619,85.858402,49.839993,56.927717,59.205681,57.548111,49.795455,49.787519,45.626518,51.600042,66.688186,46.883288,50.820947,44.634665,44.253632,44.485873,62.328448,57.934713,60.194855,45.595048,62.056482,55.753403,45.207894,52.454138,49.275355,45.283691,49.8778,48.234081,48.904143,44.122124,48.292549,54.906594,55.050947,55.669565,48.171006,41.480341,61.722233,51.277127,44.968309,51.321208,50.520546,62.747211,50.898422,44.083514,68.551648,45.434843,46.798784,42.586163,55.298365,51.222885,67.946247,64.986971,51.92228,40.871404,52.933564,42.970479,48.886643
58.199073,47.112298,55.028814,48.317886,64.382037,52.092324,48.952545,80.46732,55.328973,65.221329,50.016715,47.080728,50.107913,50.912948,49.718342,64.943691,62.424313,45.228182,45.9826,42.544233,46.012193,50.890255,62.056385,41.720329,61.814221,51.030354,79.653659,50.712616,50.90082,49.323246,48.857665,43.10562,41.459299,64.674563,59.450917,45.072964,46.028529,43.404177,49.175969,53.56865,53.173002,59.0595,55.108332,63.215114,63.630328,49.075591,52.787745,64.281247,48.955735,47.740188,47.814121,54.387213,46.342705,43.177159,43.725719,63.492561,43.953469,49.369885,47.425331,53.492072,49.437251,53.300976,49.14821,50.684406,47.607424,44.228789,52.72575,62.210068,46.839249,50.300908,43.610082,45.367379,51.050638,67.102313,85.117131,47.620118,40.908967,50.441958,45.080411,51.224399
49.201754,57.88246,70.470517,60.22678,58.283649,51.801598,48.646676,85.384369,55.386273,74.15198,45.570819,43.360303,52.524661,47.445528,48.255615,86.626466,45.267045,56.053103,50.986924,53.824006,52.38261,65.456894,86.648821,47.344243,54.762123,56.874574,85.797306,42.551202,70.636027,60.015391,56.22183,53.025186,56.116161,75.057322,79.146778,49.317313,40.801672,52.817736,49.944942,56.413813,66.461458,45.898697,60.325022,67.126519,46.130748,52.601402,50.152778,78.30658,60.23878,48.138324,53.614411,69.366292,55.264611,50.493662,46.628565,62.70137,53.210211,47.838414,47.387173,45.748701,58.342723,46.894766,66.210967,60.88265,45.917394,56.108264,47.276323,77.463559,63.535536,48.145005,44.707536,73.458871,50.819897,65.547426,68.425468,45.585056,51.456771,53.327124,54.271472,64.270146
46.95762,67.53105,75.62167,57.434022,65.077826,64.363672,49.5924,84.078723,83.578455,57.599907,52.854359,50.305565,53.361357,56.489425,49.781741,91.619231,59.531459,69.255182,47.93485,56.453615,54.99858,60.56659,74.838905,46.196059,62.58984,63.940845,89.842067,54.773534,67.724739,62.488287,56.864942,47.118537,58.01846,61.355248,83.399269,51.703364,44.174201,47.138256,48.569194,53.931033,61.742147,55.016908,73.093822,80.362956,52.57287,49.799977,49.512823,72.852586,55.232257,50.028962,55.869726,58.165567,56.790524,47.900393,49.636191,79.302736,48.619579,54.038805,58.876361,69.709159,49.699358,60.073272,59.649473,47.907841,48.556165,47.920132,60.07623,85.245633,71.050247,56.463893,44.215489,55.694059,57.986543,48.151056,77.633557,46.694677,54.782611,67.389576,51.972475,48.211009
46.485067,92.844056,89.358504,62.322167,72.768043,74.192557,61.057995,111.290846,77.734769,80.836801,44.837173,44.872714,69.834756,52.724613,67.543938,79.381581,50.77264,43.190721,50.351908,50.143134,50.597662,71.695813,95.465381,53.006863,47.491259,63.32394,109.719958,44.006843,73.682055,90.781987,54.816714,55.042795,52.994103,87.713394,83.386299,50.534953,43.305509,62.746696,49.558209,66.570733,75.617544,44.42396,64.255535,171.212149,64.638261,48.259562,62.652453,79.452379,57.148259,56.89759,63.307651,64.926825,50.811546,54.184582,56.981093,69.244643,44.300353,83.926482,44.256515,53.629872,60.433437,46.906726,66.406911,70.761324,39.872496,50.289711,64.395238,89.276802,68.41685,72.31415,56.517191,76.32702,45.647492,37.170238,132.335343,48.286064,56.189349,71.892483,74.141722,76.105383
52.372618,83.930759,104.860117,57.831897,85.248407,68.520686,64.754469,97.946389,85.470416,81.744488,62.019417,46.563433,58.693349,50.091613,73.07983,85.079039,59.483395,58.351549,49.513028,60.710248,46.898249,83.268551,96.232731,60.850182,47.499299,66.684882,141.934685,56.808892,83.459257,89.297303,63.901168,56.630685,60.022325,94.667203,80.920857,66.620179,63.743399,50.763374,53.834446,52.167148,75.952532,43.243216,75.806203,188.506807,73.800379,64.505519,55.379411,81.390823,65.276665,46.486421,62.597501,72.097026,55.54069,53.892662,71.05489,96.283821,52.535227,80.590023,57.493752,55.768303,53.226184,50.707342,60.469934,63.23122,49.148996,57.939206,70.517935,93.275764,74.955393,64.272165,61.856938,83.923863,46.653215,52.369689,117.56956,48.27345,67.643506,82.810979,62.972352,58.933416
63.985604,100.286981,89.219027,63.045849,92.483888,65.936056,83.183344,153.426452,58.272664,83.446452,57.837821,60.345579,69.448198,61.436812,56.866005,83.67608,68.88082,71.775086,57.553197,64.093356,52.536709,83.198332,120.233683,78.03867,46.415242,78.203366,200.849591,66.043919,87.411596,92.51049,67.235528,73.778166,61.130977,95.757575,95.411643,92.616426,57.726191,56.143291,58.519486,160.237963,76.532705,45.938334,69.840896,203.469487,90.475689,64.616211,62.786983,75.777201,65.855444,80.362821,76.157628,85.225548,60.867727,59.546866,51.324309,97.659718,47.214847,99.123991,52.673374,55.054752,70.705269,55.568229,66.140077,73.652496,51.865425,55.531697,92.153083,89.274689,84.669833,66.741343,54.077529,117.533851,57.241196,46.591726,148.012761,58.426793,82.765776,91.936843,57.657061,57.200517
56.374146,71.298007,101.975419,82.758261,65.543273,62.497299,69.986297,137.378864,67.55253,90.344454,43.694456,57.624043,77.453693,63.707248,66.126946,92.59704,75.245378,59.23696,45.776205,64.147895,51.055188,77.667522,113.771393,56.208873,69.393135,53.737168,91.152026,83.363571,89.108616,98.604939,79.29701,47.212038,49.234481,125.376115,131.443373,78.482603,53.326223,71.598791,69.278152,58.126476,66.622411,47.411789,79.724482,160.219853,82.551643,54.648566,59.594815,71.223222,81.018387,57.643994,55.045357,71.225871,47.407169,56.515644,66.98986,67.837649,46.840748,96.563603,59.905217,57.76443,75.183077,59.792673,75.701533,84.705448,54.054552,55.223864,91.346158,58.571124,89.529667,62.705103,59.888555,87.535185,52.857472,53.320195,157.092179,56.466469,88.836124,93.893323,58.901377,54.458018
63.551628,78.035106,104.214988,86.734464,67.020338,46.874615,65.918423,110.116838,62.919024,81.273384,46.469523,66.160209,76.957967,58.952809,76.149004,99.698566,90.818108,62.026623,52.924428,58.23815,66.157076,100.782258,82.842307,67.575237,64.885397,55.410683,93.408067,67.342787,65.908241,108.971291,86.011236,47.586806,44.715503,153.205754,111.366609,70.970841,42.882125,73.652873,72.955993,60.194278,58.862634,70.061428,74.508755,183.638997,69.26131,61.894467,56.23263,56.719844,101.238477,59.132865,43.318298,74.362737,51.310831,51.627252,58.106475,78.600978,47.613026,85.043587,74.25652,74.668105,55.060958,65.554317,91.515516,110.864913,47.372556,67.055309,106.912512,59.546403,98.134682,83.074271,68.21279,86.965006,62.673447,55.575615,163.936824,59.197687,102.336562,95.825036,74.62396,54.876272
66.266101,70.927377,87.196708,91.109831,60.899835,83.119355,76.307998,112.091604,64.381278,76.123199,49.024892,73.601497,90.108175,73.532165,60.283729,102.491911,101.768052,78.003094,51.164637,64.920687,47.610484,88.884178,101.659934,67.541519,53.262926,55.58279,87.801538,77.873336,90.805568,132.310294,96.63156,50.4039,50.369082,195.350689,155.758867,59.539412,52.379942,80.094049,62.329462,52.640001,65.811262,54.002561,82.702768,205.324502,62.999131,73.209217,65.197183,79.352533,116.199947,62.448462,53.008526,88.649059,51.808004,58.166058,56.659594,66.395769,46.704899,87.925386,60.852652,70.470073,71.643481,66.111457,107.706269,121.014846,57.128334,62.672842,93.185743,74.587421,168.093136,78.351082,67.312267,74.607971,61.472639,58.733298,172.3512,56.223695,108.890716,108.679042,70.719351,54.171805
53.702187,90.550302,117.051237,137.111578,62.729276,84.756456,84.948177,175.357851,69.542036,106.915207,60.354378,71.863609,82.484147,84.112387,68.281999,107.00848,135.775601,82.057545,51.413728,80.829303,53.274756,94.900516,107.929228,79.158257,40.709523,44.973102,101.641063,85.138039,113.146861,128.031824,100.851048,45.770211,62.010587,184.540655,187.844673,67.267091,53.829425,130.223922,71.31226,72.592883,76.6466,57.040475,75.138158,160.884104,65.369604,68.636285,72.560188,82.156608,110.925969,56.193402,71.059285,86.992037,57.919045,63.768296,85.630991,66.176615,47.454153,105.733281,89.066949,118.09323,64.077877,62.493291,89.114205,118.588506,51.318294,91.845753,112.716965,71.166149,105.809406,71.098899,72.5013,85.944883,56.862851,59.854887,200.620791,59.796725,127.118533,160.875814,76.486619,74.8943
75.020801,143.501831,123.817665,93.747855,70.024955,78.435822,83.606511,198.029363,70.697618,102.613336,69.609482,87.301942,99.215244,92.619233,67.064488,108.813682,205.579753,74.121352,55.826368,67.282141,51.087164,113.070811,107.245201,70.211601,44.221959,57.733829,100.941576,67.85948,132.02688,171.547929,117.486155,46.904507,64.322565,199.048113,222.668724,70.674668,54.480612,168.866474,74.460331,77.508549,79.795764,58.27311,97.598347,189.396132,61.558121,93.314253,78.147534,76.132906,186.254396,57.381594,66.550702,95.20432,51.877701,75.456783,92.465276,79.595082,46.436689,154.321874,75.589605,123.630403,96.013288,87.044695,104.259479,159.922351,55.814665,77.47165,202.588087,75.12036,190.071564,86.525764,92.958807,105.417997,70.268808,71.507976,201.528968,83.772881,133.382172,178.140145,106.473086,72.772558
79.050085,117.050014,123.901923,101.629571,78.057838,91.564317,70.660289,220.277517,66.301436,174.753058,51.4919,109.859437,83.249963,104.048828,92.71074,124.292043,162.045986,93.985562,64.909065,75.511747,53.616148,112.548606,108.468478,77.189239,49.972452,64.523354,170.032205,102.887023,103.102589,200.50117,169.856507,50.101085,92.253825,201.469438,234.908398,61.240382,56.85709,167.130292,79.84066,66.210594,91.328102,55.998141,95.260829,155.32128,79.239366,106.134625,68.524255,96.14992,187.344542,53.297971,69.197073,96.762379,53.17447,74.980527,100.548264,78.512023,52.32067,115.085203,99.883757,198.203998,65.157944,93.270381,101.842442,192.345081,67.685601,107.597319,211.670419,90.374175,187.289835,87.091406,100.571791,82.275146,74.028385,73.907686,181.238753,83.690566,171.403706,195.238151,118.309066,80.833469
92.418392,104.654637,121.279727,102.613108,74.703682,117.985769,90.784759,274.789188,83.377634,115.779198,74.260319,108.32503,118.421287,144.608238,98.983228,163.059414,208.526384,96.271925,55.117796,113.280178,51.073261,171.191783,167.025151,106.777869,45.311477,69.098141,117.939673,94.759777,191.598899,204.687947,192.22496,58.569296,103.606653,211.016587,304.915934,87.129468,70.470902,174.903366,86.763789,94.166,103.981433,70.404162,134.748339,191.873092,75.117968,167.929533,71.244823,126.305179,207.302331,59.784093,90.34383,99.854768,70.133086,71.200552,162.872375,101.276717,53.299832,189.794087,126.285052,230.415072,72.96116,94.996561,138.92785,214.349714,71.948411,120.65536,232.836548,95.259136,198.016108,85.876863,150.192068,169.865551,91.013654,92.525819,196.948474,76.996292,205.978737,224.161779,195.299178,83.807769
110.749344,137.434745,190.176063,121.435666,84.058638,193.947832,119.296385,238.363333,103.738236,186.250905,101.535443,117.448592,177.323755,272.321992,83.049385,198.928321,190.520629,104.265177,75.201941,157.559935,80.3148,170.987288,214.111984,102.931535,54.009573,72.399385,119.693244,89.462073,200.790472,273.437555,208.402793,60.669155,86.42558,210.814793,322.504993,106.715457,84.682253,199.758618,98.119934,114.425907,192.88477,74.453544,199.186182,227.472565,78.036481,155.420845,98.294639,161.986716,225.947459,58.6697,104.489763,107.338212,96.029356,68.690395,138.147205,106.442551,59.836576,152.841807,176.479821,246.34068,87.867388,83.436031,190.675411,227.935616,81.780335,188.166968,318.801942,95.586058,219.514742,81.247049,185.078177,203.127345,91.42405,136.521266,213.167635,81.461219,197.013204,287.968939,178.876878,113.250142
128.04332,115.490142,193.52363,117.41692,82.144899,186.543332,125.759,251.397419,148.712605,188.044254,91.614833,190.550134,137.964171,291.40234,94.09018,207.444488,227.119691,179.200401,71.820881,158.587592,61.829369,159.808545,186.868422,146.305438,52.966948,76.897487,147.871553,93.990728,257.686597,234.672832,285.207875,52.090976,120.158354,230.812506,317.070386,102.497713,97.024955,259.133368,94.563133,124.748719,99.181576,79.712557,214.419525,278.463391,82.200758,203.967613,95.861148,170.325512,226.206361,82.759109,117.328233,106.475576,96.770285,89.907483,119.39958,127.767281,64.880717,181.547099,191.182974,309.505781,96.678665,87.223621,200.586847,224.984967,92.60985,191.718465,370.442761,91.946451,215.413306,94.954499,198.195461,198.45963,89.630549,109.459095,256.55235,94.609423,196.018896,301.146583,189.435685,128.779918
171.058455,194.44764,267.643489,114.881642,101.481823,205.389222,136.581948,286.419506,199.131341,197.678417,124.822737,219.989093,161.808846,277.444702,104.169702,298.125485,275.025683,216.969077,58.622256,167.004808,93.985571,209.640349,270.488027,223.1716,62.486507,97.819111,171.108298,113.34442,234.158657,273.410114,292.383686,62.583163,176.229886,225.195693,364.449328,100.766218,118.639626,293.540459,133.312789,201.972766,109.461607,111.965976,280.800684,309.369617,78.252881,275.595521,114.916563,186.319035,239.772846,81.467001,185.595816,197.857728,107.391753,109.561815,193.041318,185.062368,88.594336,191.112445,211.241212,307.829605,118.993996,112.317157,213.365955,291.699731,101.995522,193.68582,345.125921,160.619828,205.357783,158.338972,242.606363,192.789327,137.786319,143.151085,283.138735,113.660207,239.173757,318.235085,185.333609,196.834173
214.125391,218.256227,235.420893,162.568959,127.621856,207.765004,197.732491,310.447967,184.11584,217.220318,198.922658,210.972506,182.440089,276.230467,164.551432,299.041909,304.091203,280.279364,91.49866,220.205567,104.871763,233.669229,306.016731,195.21156,80.719297,89.019544,172.002742,169.983495,245.654701,273.482299,314.169856,110.179268,197.071215,267.278953,372.804437,114.499927,197.706232,309.761925,175.831818,196.63598,129.520132,125.320483,287.70977,321.089657,92.129559,267.988395,186.571583,210.703881,236.883135,102.336781,234.994385,192.304731,187.995948,99.725064,219.717566,226.026189,92.663177,266.403991,206.13241,319.337659,169.481709,125.547673,218.334251,314.760531,150.152173,216.327536,382.970806,169.606543,278.702892,157.727725,276.316248,294.043338,150.669844,214.095891,298.10242,188.261783,275.537228,312.924726,198.578844,222.894554
236.151379,279.68874,294.399101,176.973662,192.177234,198.424524,202.304997,259.337523,179.073445,267.267152,178.497016,221.35902,185.655666,271.609588,205.649923,305.360645,311.077942,259.427251,93.342932,273.14024,150.504475,293.126374,324.406741,217.058083,77.27814,111.190583,199.117593,185.948738,221.686759,308.441339,323.135211,101.975972,201.285801,285.232811,328.585113,163.181466,185.739614,306.18172,184.516969,212.803113,163.292799,114.684187,281.194171,324.204818,105.110667,291.785218,186.989566,227.010772,220.452887,109.807089,275.969695,196.408211,216.42719,138.291897,201.527609,297.485074,99.226534,277.071407,209.590818,345.259089,292.495944,107.815397,229.764546,294.508414,179.456106,237.115995,380.497781,173.83903,281.675714,196.14297,233.437692,291.551341,205.850209,237.561699,303.024434,191.710904,279.263445,349.852637,197.307933,237.994785
205.68371,311.506121,306.817862,208.793412,214.380757,235.519336,225.644334,317.314649,225.462846,292.179979,256.317788,276.226124,264.868757,299.694141,212.220208,308.487348,321.551203,263.720988,108.692042,299.103944,117.24681,298.032719,314.483374,240.755963,97.156619,193.712262,244.818809,232.12692,293.520356,282.868753,319.644653,121.147349,207.08151,284.781586,363.56579,137.618259,247.600223,336.592394,279.925376,194.095201,221.102769,180.767529,287.317271,334.452513,128.959871,293.763656,235.517451,201.302896,292.698797,180.577096,291.421593,274.06463,261.754807,205.501962,202.394849,299.455543,215.061093,316.150464,243.314567,333.808094,273.474272,107.732253,268.670233,317.636033,206.481395,288.77083,335.597158,256.774477,310.782078,176.176289,288.038088,287.343002,201.056357,278.022596,310.026354,273.625862,286.667765,308.581218,231.502187,294.420992
257.717317,327.69615,304.173233,231.419811,290.843458,305.823863,284.646878,298.897459,296.431071,307.989861,271.716422,304.177658,256.77187,307.777372,204.158913,333.184511,367.999489,308.096492,160.360763,300.26596,279.145189,310.432726,357.921696,241.559725,117.358104,220.88714,288.770767,280.887996,317.382512,307.727256,321.435128,182.955594,254.000954,286.718823,373.325505,216.943199,230.998314,351.282889,288.66456,284.437272,226.236418,225.37445,308.206221,339.348555,190.872577,316.996838,256.837691,191.595152,307.478076,261.364925,318.444057,306.982885,312.232599,241.124391,188.641632,314.963147,235.029691,313.422215,269.149711,327.734127,300.82083,117.881212,285.047341,342.352719,221.232433,313.003012,388.887765,253.02316,314.363594,272.761573,311.648192,314.750402,206.155441,305.789302,320.093482,308.125799,322.584232,314.614286,303.116805,301.681042
290.665393,319.97076,308.180322,273.621787,296.102996,304.540326,299.214239,310.118028,311.32529,305.36798,267.83267,320.205434,239.174369,355.165626,205.248416,326.865052,334.05277,309.717473,159.297501,298.600819,240.515974,321.462642,325.093044,225.79609,173.720339,242.819761,289.287488,296.748058,349.139603,326.321785,316.556935,223.621599,228.391381,307.444147,383.597556,208.097074,292.10134,340.186235,307.518053,321.796363,234.840647,212.553331,299.010304,357.21154,187.002607,306.373993,293.359118,184.873028,308.741496,296.210167,316.312464,318.341848,303.096338,287.18557,219.194531,318.116842,262.585623,312.926719,243.51271,315.818175,301.31187,162.667394,321.91484,324.097593,295.941239,321.228603,377.889979,282.686633,361.241709,268.597512,315.981282,323.154301,219.125696,331.324593,328.504107,331.959103,370.05267,353.787236,319.747535,264.871081
275.931129,325.035183,309.404786,300.513264,309.961132,322.779366,314.6085,313.812089,328.935825,374.42003,305.924058,324.565718,285.768449,323.426315,276.368006,375.219452,324.869811,311.831128,205.205715,331.022813,293.032338,338.001566,341.802263,291.990326,211.739918,297.447445,301.222831,312.483246,363.085462,366.38557,356.926853,234.554425,285.99863,297.526685,343.912603,289.803396,304.024031,371.194466,283.551718,302.942941,289.692418,291.786232,313.212002,374.036374,207.882148,311.562585,301.157281,284.521406,304.797382,303.469858,339.364559,314.26239,314.125283,308.707266,297.746077,338.013528,320.113266,320.146791,296.252466,341.88695,310.364955,196.384925,308.294927,338.933063,303.974439,316.71787,381.12474,296.485067,318.499809,288.837893,316.129051,304.626194,282.701633,325.147101,363.054202,306.995125,372.554492,319.947441,317.645299,286.836364
318.687843,340.319171,307.134827,300.74917,319.430386,354.338292,373.25271,347.720399,335.707092,372.152794,289.068396,321.693895,306.205081,363.826052,241.15054,320.947074,316.796064,349.131053,236.51673,312.563649,344.508605,331.586525,340.594689,333.940179,270.056481,314.149974,286.884313,341.661557,318.157487,312.555836,347.981438,293.994881,295.061198,316.173504,368.942362,295.124735,321.269476,376.528794,310.087121,315.387748,312.106908,333.298779,319.384072,368.191396,319.21323,358.242748,324.266224,321.704861,314.565649,301.611252,391.471991,315.66557,325.779164,346.556096,321.391596,367.399698,320.85212,313.468639,304.020698,303.028405,332.118134,254.248966,332.388269,363.406498,332.999789,330.99203,373.121453,311.711399,320.745379,303.418774,343.556483,299.039776,301.322659,325.233558,369.371003,336.673822,369.233338,357.834563,321.14498,292.200125
308.002514,352.435494,335.304135,313.818908,314.386102,382.982383,387.695505,376.408664,329.929907,329.692956,302.24098,342.023539,331.156957,358.494423,303.911719,308.004266,311.69353,331.527271,301.011037,312.476755,350.803326,356.676437,325.697952,325.149477,289.22778,345.197838,311.291009,368.117744,344.20828,335.962792,361.990907,318.02435,304.670648,338.571814,374.718309,307.560317,337.425029,366.925019,302.462323,335.853705,314.712668,322.527768,364.844041,396.164352,321.336894,358.040671,323.449874,327.813705,331.051167,323.830824,344.209742,326.901028,324.68707,368.55346,320.61709,357.154492,317.628108,313.091552,321.831061,325.420209,316.260739,288.791024,367.298392,347.813533,380.71278,363.161279,370.058907,323.467773,337.964598,370.044845,336.633341,342.098615,286.550094,348.184082,374.279217,365.021941,336.017996,323.632007,325.889853,302.471547
380.527556,372.393173,350.262042,331.189328,368.975775,379.706487,399.087869,349.031844,384.490661,370.421069,316.420465,332.252108,363.809884,381.383354,295.454187,365.087218,337.345589,370.223251,300.768968,324.38636,369.697742,338.3094,354.609662,307.975516,298.429034,305.006339,304.366467,324.521189,374.507824,375.737387,369.428221,319.030509,320.383835,359.190841,339.261108,342.116332,357.995672,331.355559,311.688922,361.275263,317.995788,344.491768,376.170929,388.017461,320.911917,327.249986,379.054113,370.214077,355.330197,327.307882,346.884088,383.240545,333.3825,327.372267,370.262463,377.979843,351.928533,308.564145,341.966479,329.561467,326.750216,293.857528,388.768102,388.611278,375.57384,327.899112,339.960877,339.696727,343.903356,373.162781,340.010442,348.439464,312.891715,372.203298,332.428757,315.884431,317.296551,350.607554,373.523461,310.533741
380.385763,351.917909,318.49913,321.912132,372.297886,329.302017,377.200193,341.68726,333.653328,405.762671,320.46121,335.757275,368.316471,382.086185,332.559918,368.778316,374.990957,382.763461,310.864404,337.527583,370.060536,328.120121,333.260016,340.447,313.44099,321.999871,324.419061,383.030261,389.538604,356.165353,348.715214,336.615647,366.320041,349.863813,394.067417,332.77052,337.272327,371.54741,312.840655,383.121473,357.384523,388.379375,367.919097,386.769546,335.815447,388.23512,373.186353,354.593548,329.962402,347.426939,331.825068,379.773456,328.079994,366.335737,367.429456,343.249057,383.988009,327.624995,359.941502,381.555808,324.25182,319.216762,378.791765,374.65429,376.422311,330.349996,369.038619,354.536611,316.222741,363.213733,353.302775,369.670424,355.598086,398.467797,334.442708,336.275594,373.827215,327.940426,366.169279,342.198317
369.171907,316.108771,347.479323,362.270898,379.178167,360.988508,375.406651,377.211115,357.474651,377.209612,328.796777,332.239438,346.063696,356.360228,374.288299,364.662614,340.169235,367.541233,333.88165,375.793792,378.100097,331.253296,323.685532,325.285691,314.835403,355.705286,380.536133,355.446355,382.050748,350.021506,348.965629,348.991997,388.076392,375.476434,379.373404,324.2683,353.352869,364.12091,360.089821,328.012133,381.338768,366.022622,319.175352,383.141392,383.078114,385.340347,384.332283,318.370422,364.077512,368.116376,358.320833,381.343272,309.458258,326.22601,374.143031,347.132028,384.261598,327.094097,352.417684,380.661686,335.909418,361.329432,329.223219,380.855549,372.551216,324.773255,367.39703,368.675804,381.750226,374.418071,367.205227,372.242366,364.901644,376.800856,343.069965,344.587891,365.256313,314.000902,363.119082,376.807299
357.739036,322.815493,371.870014,347.420849,363.108981,337.993526,353.599827,386.860637,353.623487,383.885748,351.869417,323.62229,341.259227,392.547382,348.635174,384.752525,335.011069,358.839123,352.202768,389.114713,367.140443,373.533831,362.385658,349.110573,323.093158,385.02782,323.115037,372.380504,366.893499,369.107538,338.114282,383.457763,377.56008,353.524234,382.847475,326.777319,367.427376,359.104097,376.606024,371.453819,377.261535,342.603685,371.230507,337.175002,371.766708,386.138059,377.910689,333.283103,375.233425,381.424275,325.375341,385.448104,337.178041,362.545965,325.898285,350.503484,373.899665,322.966701,334.889372,338.045634,391.394358,370.273079,340.908343,354.502393,338.385947,308.033904,371.871066,322.800338,380.921173,351.651579,339.110981,344.808822,322.947831,339.369577,361.371833,351.150378,365.776203,328.031807,371.066061,320.564265
368.969998,330.531207,381.758281,390.623752,367.350555,371.363384,344.809216,381.300497,344.912798,319.927866,335.597983,306.54811,328.386999,381.013963,358.235068,374.413143,380.375286,369.585901,355.501459,387.838162,390.77215,335.66894,315.591625,322.853208,355.337778,348.817662,335.252123,369.845832,382.21299,321.330307,337.780713,385.027709,388.477886,375.695019,385.62161,364.946141,350.864726,375.015764,376.151878,370.596243,381.674834,377.125703,332.051725,338.767657,335.559977,334.7941,367.325487,313.946416,389.201232,367.027552,321.14841,374.968652,376.207016,326.870324,329.571005,390.492564,347.328995,329.836966,364.953368,320.379056,374.816997,382.670245,373.980522,395.008581,332.13453,337.316313,373.90971,329.951588,360.931834,382.326412,323.732521,318.562139,335.208979,352.305093,380.018472,319.336707,378.097682,342.904959,384.764078,322.883653
