percentile_fetch_middle,percentile_fetch_middle,percentile_fetch_middle,percentile_fetch_middle,percentile_fetch_middle,percentile_fetch_middle,percentile_fetch_middle,percentile_fetch_middle,percentile_fetch_middle,percentile_fetch_middle,percentile_fetch_middle,percentile_fetch_middle,percentile_fetch_middle,percentile_fetch_middle,percentile_fetch_middle,percentile_fetch_middle,percentile_fetch_middle,percentile_fetch_middle,percentile_fetch_middle,percentile_fetch_middle,percentile_fetch_middle,percentile_fetch_middle,percentile_fetch_middle,percentile_fetch_middle,percentile_fetch_middle,percentile_fetch_middle,percentile_fetch_middle,percentile_fetch_middle,percentile_fetch_middle,percentile_fetch_middle,percentile_fetch_middle,percentile_fetch_middle,percentile_fetch_middle,percentile_fetch_middle,percentile_fetch_middle,percentile_fetch_middle,percentile_fetch_middle,percentile_fetch_middle,percentile_fetch_middle,percentile_fetch_middle,percentile_fetch_middle,percentile_fetch_middle,percentile_fetch_middle,percentile_fetch_middle,percentile_fetch_middle,percentile_fetch_middle,percentile_fetch_middle,percentile_fetch_middle,percentile_fetch_middle,percentile_fetch_middle,percentile_fetch_middle,percentile_fetch_middle,percentile_fetch_middle,percentile_fetch_middle,percentile_fetch_middle,percentile_fetch_middle,percentile_fetch_middle,percentile_fetch_middle,percentile_fetch_middle,percentile_fetch_middle,percentile_fetch_middle,percentile_fetch_middle,percentile_fetch_middle,percentile_fetch_middle,percentile_fetch_middle,percentile_fetch_middle,percentile_fetch_middle,percentile_fetch_middle,percentile_fetch_middle,percentile_fetch_middle,percentile_fetch_middle,percentile_fetch_middle,percentile_fetch_middle,percentile_fetch_middle,percentile_fetch_middle,percentile_fetch_middle,percentile_fetch_middle,percentile_fetch_middle,percentile_fetch_middle,percentile_fetch_middle
0,0,0,1.014562,0,0,0,0,0,0,0.909374,0,0.992739,0,0,1.120829,0,0,0,0,0,58.962562,0,0,0,0,0,0,0,0,0,0,0,0,0.905981,0,0,0,0,0,0,0,0,0,0,0,0,0,0,0,0,0,0,0,0,0,0,0,0,0,0,0,0,0,0,0,0,0,0,0,0,0,0,0,0,0,0,0,0,0
0,0,0,74.0865,0,0,0,0,0,0,62.119132,0,37.964876,0,0,10.03787,0,0,0,0,0,84.3495,0,0,0,0,0,0,0,0,72.520421,0,0,0,48.471641,0,0,0,0,0,0,0,0,0,0,0,0,0,0,0,0,0,0,0,0,0,0,0,0,0,0,1.061887,0,0,0,0,0,0,0,0,0,0,0,0,0,0,0,0,0,0
0,0,0,78.242642,0,0,0,0,0,0,94.296327,0,58.120862,0,0,96.657899,0,0,0,0,0,88.948547,0,0,0,0,0,0,0,0,97.733088,0,0,0,93.547734,0,0,0,0,0,0,0,0,0,0,0,0,0,0,0,0,0,0,0,0,0,0,0,0,0,0,95.390934,0,0,0,0,0,0,0,0,0,0,0,0,0,0,0,0,0,0
0,29.829119,0,79.461739,0,52.79776,27.191226,0,0,0,31.46716,0,42.059379,0,31.606119,66.33174,29.561866,28.95288,0,0,0,34.914516,0,13.464911,0,38.290226,0,0,9.95995,0,73.204697,0,11.582966,0,29.442496,0,0,47.206665,28.116852,0,27.203222,0,0,6.87341,0,13.631001,0,53.52313,88.898142,0,7.12334,29.419716,0,58.395237,16.493437,0,28.713378,0,0,6.187848,0,92.120284,0,61.19667,9.240743,0,0,29.664535,6.790208,0,34.417363,0,26.9221,0,50.49693,0,30.436275,0,41.698173,6.3483
65.890175,85.297227,28.565636,94.437129,45.590518,81.408031,46.604261,0,0,28.821626,64.62128,28.935133,60.682435,52.386586,57.404135,29.466371,57.411557,76.386474,0,0,45.579509,56.685244,47.289851,61.948636,0,75.892894,47.899702,30.032894,69.580488,0,46.432515,64.30856,68.874446,57.859901,34.765562,75.423199,0,71.738198,33.967649,63.714306,63.095608,72.268896,0,61.369,32.200162,46.041599,44.8504,74.752045,89.082823,39.843279,77.971562,36.057269,58.711038,86.67869,35.103505,28.666429,53.941182,63.664013,0,43.426348,29.298526,60.229077,57.638488,84.385449,58.892453,0,0,52.181535,73.93957,73.998442,71.840897,30.679371,57.057062,0,64.52321,32.031844,68.000692,35.208781,77.673822,63.653516
77.909139,85.481107,32.693217,100.292638,75.085504,90.307836,84.757207,0,0,47.295513,81.202113,60.24817,69.38145,85.589843,40.926598,46.215242,46.039579,76.56784,0,0,59.431794,56.880431,78.993268,61.906541,0,88.601033,69.62614,60.473272,81.232034,0,64.683863,80.946392,68.058649,71.780594,44.486798,90.682212,0,80.504382,63.067344,78.638015,84.605064,66.299558,0,70.9808,55.732136,72.820383,70.735053,81.877933,95.603466,77.833111,79.36854,48.341418,69.348337,73.324138,52.943407,34.408839,62.203665,78.986232,0,58.416484,55.560584,68.182341,70.876478,88.925641,74.061341,0,0,66.477709,77.428703,85.714291,82.073831,46.335817,70.714132,0,61.433194,66.723312,79.264351,52.652103,84.360193,75.345679
78.530832,71.950683,39.96547,37.626196,73.777513,84.81865,94.273809,29.139282,6.649933,55.282515,78.51888,61.537661,59.269099,80.991102,47.71965,38.342296,32.088905,82.172874,0,72.457698,78.903389,52.260995,74.440187,62.783468,0,55.350067,75.171298,66.940503,75.403302,0,76.072959,87.540413,61.392253,79.347153,35.131054,96.820999,14.911166,74.373417,58.524329,88.497941,56.601562,40.234135,45.598735,58.015685,53.258711,74.337321,67.05749,58.041314,86.723718,73.597147,74.078606,33.491977,70.4341,80.043076,46.146781,54.319666,60.313937,82.230963,62.046449,57.910202,65.133305,76.110094,63.094045,36.552956,66.601606,0,0,54.461059,77.849945,90.651234,72.5362,51.886895,51.59381,0,33.39281,65.490812,54.544377,53.857209,40.376515,69.079237
57.6261,46.332109,37.130239,62.969521,29.278933,70.901513,73.438216,58.107928,68.867107,30.977972,80.036665,36.567834,32.171482,30.673974,32.833271,28.698157,30.884878,37.259999,0,74.388741,32.678596,30.995571,33.627333,28.589484,87.902909,35.495398,34.368384,51.411884,45.336432,61.184216,45.095431,62.726715,54.853545,61.208234,29.468708,89.311052,75.039451,71.621231,30.733522,82.103693,27.144351,17.941909,78.735458,30.132971,30.683277,40.503578,35.294857,38.46346,72.61512,35.345297,76.779843,29.765364,29.359221,73.933744,27.701402,30.619523,29.176477,30.451256,68.277846,38.125667,35.642047,44.027541,29.768166,31.605926,67.822889,0,0,36.966417,52.610774,60.252791,37.001197,28.551631,29.621198,55.697235,29.324425,39.641517,44.210628,27.092095,29.046595,30.843316
52.990838,46.202367,32.650258,79.002431,35.960504,79.18241,87.711677,63.705239,83.483027,30.440463,73.460422,39.306295,36.68146,33.117655,31.760666,34.064705,30.819991,37.170065,0,89.534855,33.476065,30.616383,37.261144,32.4192,95.161758,31.118855,35.558426,42.230932,44.028784,73.22335,33.676383,46.646308,53.848,47.053424,37.957588,90.509239,87.848019,77.048887,31.906802,91.586861,29.697546,0,74.719374,29.808997,28.540486,52.012205,30.350724,32.963849,67.891193,30.183189,74.91053,28.916523,34.750053,66.804713,29.040332,29.064976,30.87069,34.741229,84.16672,36.311724,33.149299,45.978909,28.003802,33.007273,72.105907,0,0,43.044788,64.154004,59.024289,37.063395,31.225491,34.269281,83.053878,30.356439,35.259879,48.239995,28.068377,30.963237,31.343383
49.208398,37.872577,41.333935,73.14518,31.193784,56.428822,82.833186,30.401374,84.539673,28.187697,79.942244,42.038558,34.739877,31.190125,28.585173,30.796787,33.577463,38.502562,0,71.45462,32.424013,29.488595,37.21751,30.877823,78.339214,30.835256,34.082957,57.253929,33.864928,84.04497,33.832839,73.671254,56.648821,54.133903,30.233249,89.790383,40.2502,31.611651,33.65803,93.878265,31.054308,0,43.350637,30.051687,29.124233,34.554743,32.01888,32.866976,65.727747,32.603749,54.022405,30.342795,31.394065,68.102119,29.948817,35.159056,30.784589,34.915629,44.157031,41.319844,32.084742,39.609155,31.128278,29.48906,70.764748,27.720569,0,28.529986,40.233974,48.193639,42.054771,30.074513,29.498003,91.362751,28.508095,31.445594,34.547582,29.034622,31.129462,31.414339
52.164789,28.357009,32.094059,58.831765,26.38144,32.910152,31.431095,30.15991,28.540972,29.754844,72.725295,36.660566,30.429917,28.445475,28.559123,29.905568,31.426875,29.662752,63.396669,29.647847,30.962655,28.831419,28.66945,28.991405,65.226899,27.992224,28.119278,29.618631,28.77377,36.528491,29.092955,63.791016,63.810209,28.080192,29.091549,31.736226,32.183635,29.322082,33.060592,85.298212,29.536609,73.584619,31.189126,33.210799,32.019486,29.650179,32.8314,28.572761,30.19896,30.954706,30.578121,31.498439,29.656859,63.636344,31.340429,29.725634,30.516255,31.661087,29.697238,34.492311,32.275518,34.377951,27.919088,29.750397,47.410853,39.494369,49.132698,27.90716,27.467542,33.185003,47.505288,28.313848,27.402521,84.245883,28.440868,37.204124,30.476052,28.379057,31.239478,34.110356
42.738801,30.347948,32.93309,50.37633,29.947693,38.75408,34.565533,29.697635,29.283419,28.668321,74.469249,38.157796,32.917354,27.698902,29.742112,28.827198,29.995096,31.032533,69.138147,30.933578,29.628306,30.95252,28.56298,29.840357,75.771065,30.770282,28.93277,29.85144,29.574128,46.496737,31.050377,61.495901,69.302699,27.184777,30.630074,35.284544,30.514603,30.476377,34.421917,96.156493,29.932182,95.690738,30.0773,32.739931,29.655436,29.269211,31.39615,30.573528,29.477242,37.480627,28.362097,31.090647,33.163683,73.915636,29.205952,29.649001,32.279038,29.458449,29.737142,28.636546,30.525273,30.840914,30.890643,30.683706,39.62993,44.482378,49.098799,30.107973,31.698108,30.256887,48.36135,29.252361,27.35162,99.42537,28.875775,46.594641,33.93945,29.628168,30.201331,32.209798
43.605513,29.628479,33.383166,33.363682,30.885793,30.640306,32.00424,29.267807,29.924802,29.658037,66.186417,33.064733,30.666468,32.957112,31.065452,29.866914,30.406952,29.847224,82.966807,32.618205,31.407379,30.610134,29.493312,29.655694,80.919368,30.528536,28.678024,28.934842,30.100005,43.861795,29.418137,58.929189,39.624495,30.574767,29.021447,32.631918,39.986237,29.298808,33.52947,93.05904,30.19285,93.352911,30.260946,30.49074,30.059872,30.155814,36.013057,28.440012,31.883009,33.017314,31.971091,29.093789,34.632786,37.0848,29.802295,28.883969,30.058492,28.845755,32.091625,31.485644,29.327785,33.756582,29.739893,29.76591,46.723776,48.468732,66.902338,29.153943,29.623903,33.885375,31.968951,32.257997,29.892358,80.618642,29.169878,34.380426,29.498937,27.906142,30.406597,34.986045
29.937695,29.989527,28.889154,28.502336,30.161426,28.823718,26.542348,29.377039,29.120047,29.833457,51.507458,29.64855,32.298428,31.911736,30.609218,30.037928,29.312114,29.016936,33.489949,40.239178,30.055614,29.754833,28.424932,30.029354,40.748881,29.901394,29.304875,28.617114,28.890722,27.807326,31.341891,29.701609,30.270221,30.210463,30.88703,27.40474,36.390338,30.173062,34.86204,28.285257,31.929653,36.774721,29.475531,30.647085,32.578652,29.865623,28.761908,29.500176,28.199468,29.451677,30.130203,29.917482,29.517834,32.755597,29.423467,31.117132,28.944585,30.330207,30.984977,29.659018,28.046563,28.381152,30.335595,29.101264,28.309913,56.277018,28.982198,31.282466,29.341996,27.805139,26.687769,29.272593,28.913464,32.479849,31.034304,26.603884,25.865528,30.107168,30.311331,28.356916
29.94882,30.257199,29.611781,28.827678,32.533003,30.656616,27.86518,30.425513,30.843306,32.982325,68.211909,34.424701,29.840337,29.811891,34.066375,30.836251,29.690587,29.170391,35.336488,32.394501,29.336286,32.756119,29.716089,29.709268,31.197101,30.637398,29.528973,29.754841,28.718332,29.493034,29.3241,28.715482,31.710273,29.629754,30.326947,27.78171,42.870276,30.507131,34.505633,29.351263,30.719091,44.633214,30.078614,29.184219,32.240784,29.386887,29.819679,32.1295,28.030068,28.735927,27.270505,30.929019,28.730472,32.29923,28.831286,30.136107,31.357487,29.212054,30.39908,28.1147,29.596198,29.411574,33.878112,28.048325,30.018793,43.523296,28.53281,30.791149,30.835958,28.637808,29.779209,30.722553,31.756486,58.645447,35.00229,28.161319,28.675571,28.090417,30.12143,32.443618
29.534155,33.161361,30.899849,31.386244,30.592011,30.920127,29.775684,31.821083,31.01388,32.936067,51.883096,33.144548,30.046541,30.003487,31.424316,32.87874,28.723774,29.576587,30.523024,31.365846,29.699292,30.882513,32.488319,30.638001,38.611666,32.245774,30.739949,30.455128,30.227979,30.562997,29.853731,29.759235,30.564829,29.880894,32.717169,30.475606,34.166919,29.505453,29.879122,30.519067,32.096531,56.02647,30.607693,37.690889,30.495143,30.474036,30.036478,32.024982,29.92957,28.906654,29.06536,29.662207,30.925558,35.596717,29.241245,31.119084,31.337232,30.662081,32.785685,29.71544,30.306164,29.550012,31.367077,29.852556,29.45711,32.834379,31.056243,31.361455,30.679342,28.482899,29.739082,29.514286,31.485631,48.722324,32.684189,29.689919,34.989111,31.753178,32.935966,29.516703
29.011196,32.598632,32.123172,30.503013,31.514468,30.083845,31.899114,32.604972,30.916333,37.025005,42.649613,28.551137,28.69132,32.025547,32.470958,33.818425,31.11648,31.48563,30.636389,29.039045,30.423862,33.971191,35.845522,30.577492,52.886542,34.736413,33.816838,32.042154,31.73735,29.06752,30.480174,31.066175,29.209995,33.314332,30.934857,29.626168,30.22947,29.428355,29.945049,33.228359,56.516975,26.823341,30.910628,33.478271,31.093449,30.918279,28.353962,33.098991,30.506173,27.927842,28.850115,32.09031,29.6037,33.933841,29.676347,30.732177,31.009543,28.579212,29.943111,30.049414,29.049385,29.028533,29.66691,31.065045,29.571014,27.930901,28.266019,38.835053,30.103848,30.898984,29.092129,30.197546,32.157333,29.079324,33.707021,28.810194,31.623711,29.842417,33.285047,29.312859
27.626013,34.184369,31.687268,35.344473,33.600111,31.788594,29.094647,33.550272,32.493103,36.464562,51.485953,28.988005,30.305376,34.143907,32.197085,41.260401,30.356587,31.04936,30.017225,31.828184,30.963638,30.599842,31.321604,30.425755,41.135416,33.643676,35.872277,29.456633,34.020278,29.199903,29.778923,30.025534,29.595881,34.029877,30.358984,31.717341,30.41564,28.063674,28.669026,30.336136,45.754131,28.311009,34.779709,35.738547,31.986942,30.599853,30.363408,33.827977,33.031321,30.590232,28.571048,31.77812,29.71871,37.236232,32.592572,32.294448,31.002198,31.599136,31.054762,30.082627,29.189665,29.327644,33.354185,33.381213,31.851269,31.602984,28.332625,42.575238,33.642103,30.235477,29.612863,32.331733,31.189917,30.550707,39.451605,29.543378,30.515657,30.171174,32.516535,30.380127
30.443789,30.737224,32.722912,33.410511,35.436689,32.50369,31.449107,38.444962,30.197567,38.186253,33.841057,31.308291,30.89462,33.492955,34.909515,36.612631,32.360505,30.518889,31.546667,28.442646,31.25072,30.178243,33.719892,28.914199,39.968742,31.860566,37.013385,30.790506,33.957854,31.996934,30.682924,29.232684,31.170426,40.655638,31.957702,31.324961,30.080058,30.505587,29.825704,33.303083,33.908011,28.451177,31.334814,40.68103,34.835901,29.745055,31.67545,34.632653,31.042659,31.447073,30.832989,31.910854,29.207964,29.348609,31.722833,33.593394,30.297649,30.682041,28.82828,30.562902,33.067741,28.413686,33.827104,31.366556,31.563447,28.720042,29.960808,46.292008,31.350997,30.541557,29.113745,31.542158,32.370194,30.528183,40.727834,28.725121,27.624321,31.288136,29.764397,32.039599
32.60946,33.358131,37.085125,33.128789,37.620359,35.06263,30.253636,50.076819,32.480555,38.890327,28.011242,28.410184,31.426525,31.988364,32.073405,42.530345,34.500387,29.961517,30.175804,29.041757,30.425448,32.245054,37.144245,29.60474,29.102528,34.188244,51.343717,29.615567,34.276129,32.517647,30.157513,29.934861,29.236574,40.30834,38.702343,30.230362,28.991433,29.273784,30.019325,29.551973,33.761739,30.308131,35.880191,41.217239,36.481128,29.482313,31.579502,38.518687,32.718157,29.85246,33.520083,35.208224,28.199806,30.133741,30.961564,38.219631,29.291672,31.224821,28.614967,30.586214,35.136918,32.62911,31.522607,32.728226,30.00173,29.903432,33.342037,40.723558,31.12611,30.49571,30.060297,32.444673,30.837375,27.953625,59.340855,30.261366,28.600019,31.355876,31.195164,30.965489
30.38493,38.746142,41.454188,36.67754,39.264048,34.046982,31.802812,58.667555,34.260562,48.402699,29.60035,29.292941,33.096525,31.340363,31.783588,65.236822,30.8741,31.186913,30.897869,30.922084,31.872176,39.062786,61.72615,30.03214,29.949442,36.411607,60.655124,29.134656,50.961835,38.093028,34.65435,32.745263,32.518518,43.288487,56.438294,31.948415,29.07882,33.327298,30.685397,31.439847,42.115835,29.299165,37.430635,45.193891,33.331229,32.805728,31.252988,49.707749,37.361581,30.718053,32.469106,41.981705,31.367325,30.475858,32.03947,41.048316,32.930052,32.747317,29.421964,30.822807,38.613967,32.027805,35.553673,39.750228,28.990946,31.972236,33.111371,51.665104,37.80871,32.554929,30.926091,40.763532,32.614806,29.890316,44.786938,31.096968,32.244801,33.990441,35.859661,34.737786
30.590215,43.773715,56.225819,36.577509,36.952491,38.246154,31.763157,61.622932,50.123747,38.620564,29.935777,30.811757,34.254802,32.541653,34.210395,68.042294,34.398744,34.093849,30.145801,33.807226,31.934054,35.382073,49.211894,31.989986,29.875904,40.946107,64.546278,34.778531,42.977624,38.558396,32.611708,32.387105,35.009453,41.264221,63.447584,32.70886,29.770162,33.870274,31.64772,30.939,43.096267,30.173967,49.34582,56.89451,36.063691,31.583844,33.73491,50.026115,34.739457,31.88073,36.143948,35.668552,32.834844,29.691834,32.612365,53.406799,30.718716,37.211549,30.562335,40.335772,31.348463,38.259544,36.954234,33.927522,30.977646,30.451804,36.427999,60.092361,44.771262,36.36793,32.372954,35.523368,34.546569,28.294388,54.501462,30.123233,36.406068,40.763914,34.003621,30.595609
31.547514,70.32441,67.858284,40.648207,47.516733,50.873433,38.701258,78.844471,50.320172,57.306221,30.342553,29.671162,43.034874,32.334508,46.852116,56.236768,33.47328,31.898406,31.180111,31.589327,32.916208,41.097721,73.162697,34.401289,30.688423,44.530715,74.41649,30.541158,53.953738,60.08047,35.2521,34.230453,35.385462,63.563646,60.774044,34.352141,31.09493,37.713488,33.328745,35.859121,53.831553,29.219359,43.167326,93.328411,43.322081,30.756912,38.465667,57.736772,36.77007,32.974413,43.164118,41.837039,32.76614,32.300416,34.718314,46.729972,29.703053,50.007797,30.975528,34.109367,39.998583,32.200133,40.545832,46.700367,30.141833,33.724975,42.63671,66.653775,43.578426,47.630284,36.219122,52.097715,29.446222,27.649741,86.564254,31.436375,35.5732,44.082736,46.361761,41.322105
34.0249,63.193184,73.209332,36.944833,63.798554,40.615326,43.743805,74.229504,55.746198,59.172778,34.820662,30.164857,36.0512,31.967914,50.327676,60.847236,35.835402,34.894085,33.644893,35.778582,30.387953,60.347587,69.898352,39.326151,31.434851,44.456707,88.400459,37.592537,61.023814,69.317155,38.306307,38.570817,38.366778,69.146462,61.767621,40.337379,36.43875,34.517484,34.074212,33.208138,56.877025,31.712065,50.872169,95.734809,50.720591,44.182236,35.896793,55.66921,43.926027,31.975694,42.674983,49.79462,32.525047,34.294986,45.387058,71.726187,35.380498,56.677484,35.590192,36.828665,35.518653,34.084849,37.942688,40.860311,30.907227,35.720718,52.852838,70.164074,50.740575,42.757465,38.095966,61.547487,30.997205,32.198049,83.584613,34.022769,46.565587,59.819039,40.73779,37.923891
38.105898,74.74233,66.19171,40.687899,64.865606,40.043087,55.476372,92.31028,40.203521,60.15192,32.634743,36.168944,45.290113,43.48882,39.152255,59.62949,43.693126,54.04121,37.179195,39.775967,34.406432,59.244604,84.766492,47.960913,30.62571,58.537516,100.06777,44.008148,67.369258,69.033694,41.28971,46.230303,40.556562,67.696278,70.975716,65.947301,34.794224,36.327611,39.136921,99.16688,51.018215,30.694507,51.154738,100.933813,62.376361,39.066352,38.769524,55.758305,40.830593,51.528222,46.662402,58.546603,36.076917,36.617912,34.92257,73.665004,32.14209,75.857871,34.799289,36.769148,48.36393,38.860918,46.74866,49.263415,30.225452,35.794337,67.829695,65.521029,62.624317,42.550266,33.903313,80.851629,34.639631,31.218875,87.969682,37.216737,56.877439,69.474312,39.271871,39.764798
38.279129,47.414678,72.843398,57.596425,39.604862,36.701311,43.804065,87.779518,45.849826,69.176055,30.511987,38.961342,53.110543,37.933614,40.32962,66.979335,50.736856,34.791523,31.499062,41.47281,32.117056,60.587452,80.777436,35.523531,32.481827,32.160985,67.219247,59.16544,63.990461,76.317161,52.308634,29.054744,32.890063,83.264176,88.239816,51.173094,33.290125,49.897979,44.314997,36.721227,40.805234,32.36653,54.900663,93.457858,55.918061,35.790307,39.576238,49.226928,59.672042,39.224229,32.765865,47.131254,31.217731,37.399286,41.503833,46.812321,31.385032,72.756408,36.22801,36.182493,50.258095,35.914952,53.952063,64.422915,32.370043,39.019915,68.624038,34.571333,67.410345,38.329664,39.729288,64.423687,34.194337,32.898354,89.93424,38.858608,67.5925,73.317908,39.01066,36.020962
37.569461,56.408455,72.968587,62.448051,42.464969,32.620188,43.66181,81.098609,39.400533,57.97349,30.826653,46.512121,51.857503,40.885104,46.036311,72.000581,68.158386,36.60665,33.822745,36.80831,39.086544,70.896858,64.337882,39.691641,31.228155,34.498115,64.454398,46.171877,41.747783,82.349902,68.153506,30.468275,31.065839,86.547515,83.213794,45.408381,30.145152,51.705728,43.348645,36.17341,37.726536,43.480711,54.394646,97.6263,43.857102,38.730034,34.506469,39.789068,75.354348,33.864755,31.042772,51.582632,33.470733,34.49572,38.18404,53.23625,30.789558,58.3628,42.809953,49.750782,36.941146,42.217402,69.248167,78.408483,30.306979,42.41715,78.931736,44.247279,72.721034,62.991522,47.695829,56.766948,38.19392,33.739338,92.792901,36.087732,76.186104,74.60554,48.699817,35.530276
42.153163,50.130481,66.975828,70.618322,38.737045,60.560601,53.073617,81.055404,42.295479,51.565854,31.650545,53.85366,67.713,48.044811,36.464986,78.529106,76.317606,44.090393,31.05438,40.986479,33.095299,67.984499,75.789341,41.89982,30.386256,35.455629,64.114181,55.226405,68.773049,83.554949,71.815362,30.630881,34.280115,94.293575,85.565031,37.846277,31.753659,58.37113,37.045935,34.431409,37.585415,33.568612,60.144624,98.114139,39.573111,46.218475,39.326351,48.658573,84.515797,33.696312,33.807441,63.824935,33.000895,40.481276,38.110093,42.506183,31.181518,64.926333,40.823665,47.17676,49.992122,42.373573,80.130948,85.692711,33.657104,37.700683,70.018988,49.143443,89.452817,52.597546,39.178504,48.229974,36.096199,36.496182,92.572769,36.607925,78.279721,81.06264,44.872847,36.370718
40.09072,68.11118,85.247665,81.182096,39.156123,63.216825,62.639285,94.956821,44.40929,77.624833,36.531233,48.254521,54.389441,64.042792,40.412568,77.04149,86.115632,49.895132,33.360659,50.662945,34.648683,71.226161,78.587606,50.722755,27.81996,32.267959,71.471145,61.473884,82.121789,84.525702,73.575715,28.818892,39.831884,97.974978,93.927767,43.541614,37.030471,85.881221,46.630985,50.658012,51.819236,38.437916,51.189901,92.678289,40.084097,48.058002,43.149856,56.066858,82.704492,35.939406,42.14405,60.949689,36.310888,40.743348,53.456082,40.412488,30.67181,83.79625,66.193795,86.066962,41.598915,42.795341,69.047933,87.486103,32.394626,66.103867,79.713643,46.509663,80.070514,46.623625,56.523468,61.802535,37.391605,37.170454,99.480298,36.083629,84.663138,86.347817,53.938604,47.285002
47.215017,88.461213,87.401853,74.074691,42.093872,54.741868,57.83618,98.486605,47.412705,75.471054,43.182911,65.274507,79.684054,66.367569,45.050505,79.237205,96.615311,51.224781,33.867371,45.053572,33.045346,83.332304,80.410807,49.894011,29.674278,37.613625,74.33799,50.624943,82.365356,90.407208,83.995523,30.592568,46.256852,97.588158,102.950412,44.814465,34.225694,92.907743,47.082101,53.545103,59.036575,35.575807,73.047632,98.442134,41.296133,71.63119,45.09315,51.641062,93.710813,33.554438,44.18561,73.545499,34.192715,46.129273,69.50176,54.541706,31.528545,88.068608,58.286258,87.36601,65.391109,64.309494,76.149885,87.096081,33.460974,55.804049,102.232352,56.868752,95.142855,63.725968,69.382339,76.848759,45.316032,49.368884,100.907418,55.085905,87.601529,93.400516,79.407662,49.035702
54.428038,81.550818,84.409118,76.556393,51.124853,68.968909,49.284545,100.638596,43.26689,89.517157,36.719679,83.380177,59.571233,77.086325,64.621993,86.091904,94.158079,72.875165,35.653786,47.258174,34.434838,84.674263,79.412427,53.847079,31.393374,41.502945,87.951552,80.065906,79.082834,98.314674,94.026678,34.05288,65.375808,98.629954,104.442927,38.604041,34.99335,95.110368,57.302871,44.170637,63.936005,37.464613,73.754508,91.936769,55.807145,75.853456,39.982302,67.838078,95.804337,33.075058,46.292722,71.067184,34.95357,53.482951,74.773891,49.42578,34.101277,81.769106,72.654473,98.613898,40.898019,74.596411,79.43473,96.167878,40.196762,81.579037,101.183964,62.911437,95.751893,66.388534,71.024398,64.665679,48.465839,52.681923,94.687404,52.537912,91.991896,95.666645,83.095348,55.452967
70.699836,79.219092,86.365862,78.249237,50.01372,81.345506,66.398631,106.518898,65.292741,82.958992,47.554718,79.812246,81.425909,90.831196,70.836816,89.383539,101.374555,73.18195,38.30554,82.121568,36.424264,92.005736,91.743272,75.682413,30.907487,45.828649,84.366327,65.858727,96.340335,101.496104,98.942633,36.138658,76.546838,99.872721,108.251635,63.288153,47.205693,95.295853,60.997128,69.287795,77.699185,49.466915,86.539095,96.062665,54.042949,91.567493,45.094189,83.204834,99.66455,40.020684,67.859494,69.579555,45.503666,40.709334,92.842,73.7874,36.759546,98.814643,85.979048,102.675661,47.908411,68.698627,84.864786,101.896581,48.861786,85.200354,103.158981,70.344408,99.364556,67.221916,87.827948,91.406844,63.895305,70.143486,99.266166,56.711468,100.643318,101.761062,96.573709,62.922288
82.708448,85.125648,96.706073,85.583477,62.221314,94.584976,82.720621,102.855778,76.201508,96.023615,78.961423,84.064912,91.077791,103.98664,60.731847,94.586708,94.948881,80.249068,49.354281,90.518029,53.176698,95.243852,101.059737,74.613078,36.042634,52.481373,83.171321,67.217881,98.257752,106.064745,100.187926,36.398768,65.832066,98.579924,113.209539,79.81345,64.164388,99.876911,75.130638,81.612107,98.066226,49.901842,98.189301,103.359281,56.589681,89.784409,69.436671,89.820653,102.331687,36.568496,76.283557,77.677646,73.979617,47.182973,87.128246,78.917964,39.191044,93.288129,96.015933,103.467924,65.089526,62.240893,97.172949,104.378284,59.242597,95.112994,113.691907,71.115446,102.171785,58.0638,91.898918,97.985479,69.619439,85.27827,100.720379,57.288281,98.652502,105.946363,93.397847,78.344116
86.986826,82.112058,96.371021,82.596527,62.521592,96.588,86.336326,101.702301,87.761542,92.580323,64.868991,96.229585,88.818162,106.82461,69.736601,98.665514,103.371835,93.670682,43.38466,88.06085,40.235334,87.55279,96.564065,91.63732,33.612014,57.461132,89.105017,71.509964,103.150635,103.168331,105.794174,34.594862,85.195326,101.238055,112.608233,76.401051,73.525941,104.816517,71.911272,85.933425,78.77845,58.119874,101.143989,106.562084,57.24786,100.507613,71.320433,91.936903,101.809935,57.944917,81.460324,81.421093,70.343202,66.914633,83.561789,90.488935,39.254642,90.611324,93.132049,109.761898,73.147893,66.446621,97.247015,102.861468,68.703523,94.207774,116.23077,71.864955,101.672081,69.83363,94.952373,96.169283,69.10813,79.719867,104.726978,64.743614,96.369594,111.135663,97.791091,84.331411
92.19533,98.046583,102.018801,80.868789,72.574953,98.134715,87.261014,107.209187,97.055586,98.379197,82.91276,101.050822,91.076659,104.099121,80.679986,106.832818,109.430813,100.234297,37.641985,91.825192,68.337473,97.689478,106.147255,101.14517,43.341272,70.729619,93.009573,83.816525,103.295278,105.989684,107.287904,42.815926,93.668,100.834775,119.885772,71.523431,83.920177,109.750644,85.752739,95.214359,76.666337,79.421805,108.806728,109.027352,54.792911,104.21583,82.210223,96.468095,104.069374,61.041448,96.642944,97.479245,80.487441,79.243506,98.165589,90.954269,65.836297,95.904571,97.573625,110.350815,85.187066,82.340857,101.296474,108.759922,77.085583,96.193968,116.342387,89.704461,100.88067,92.065505,103.157374,96.939164,86.006982,88.092662,108.540973,77.652604,101.407462,115.035058,97.536419,98.288
99.623577,102.606637,105.236985,88.353329,87.375492,100.068222,96.368468,108.876236,96.14871,98.459528,96.863139,100.801001,94.501986,106.533321,92.372835,111.291743,109.355417,107.602769,67.102027,103.03315,77.433507,104.178968,108.486108,97.968396,60.188817,64.008314,94.644268,95.408148,106.03308,106.124078,112.162061,80.653339,98.082232,103.082741,117.818266,82.023052,96.853038,111.143795,96.13841,98.766271,89.259368,83.921348,110.678083,111.311533,68.067633,107.52688,95.47403,102.642119,103.945821,73.719091,104.29576,95.34938,94.433205,75.535077,104.844492,104.034978,70.598922,102.333406,97.681417,111.763197,95.189295,86.439948,98.688916,110.071138,88.255486,100.976757,119.855842,92.029611,107.277948,87.94882,106.574472,108.986932,88.561616,100.095203,109.980539,92.113175,105.546979,113.686577,97.816705,104.487745
103.697741,107.733275,109.368907,92.058622,98.322397,99.424715,97.926272,105.614131,95.780262,104.729392,94.574051,104.801098,95.378103,104.838851,101.12106,110.202203,108.557945,104.95104,58.098191,106.823986,86.078034,108.099314,113.773578,99.940227,60.246837,81.280807,97.757765,95.245741,104.194036,110.785911,111.901098,78.441991,98.507974,106.833573,118.504536,89.713893,96.236064,108.66542,98.107666,101.288578,87.777137,83.926561,107.125027,113.801658,79.116517,108.361309,95.634677,105.379282,102.106715,79.936573,104.739052,99.277268,102.329726,85.256475,100.34234,109.031868,73.133271,106.600966,100.621612,116.209632,110.168764,81.906681,104.291225,109.360988,93.348396,103.608135,124.390389,91.045622,107.707918,98.792708,105.779429,107.981484,97.830088,104.793823,109.93155,95.949253,104.477562,115.542541,97.550632,104.378743
99.471869,112.194533,111.538741,101.333939,99.10944,104.403665,101.088166,112.245323,100.969709,109.770303,103.005399,103.575385,101.940078,107.94061,103.041537,110.837191,115.422612,105.039933,78.945555,108.444684,84.153475,108.689991,113.234992,103.179629,74.636723,96.653242,106.116719,101.079576,110.97486,107.142269,115.043249,81.694905,101.683304,109.673906,118.585618,87.354109,104.434163,115.25604,105.752955,96.325418,100.614006,93.585157,108.97226,114.720027,82.182807,109.511631,101.423667,97.32477,107.557797,94.085926,109.294435,106.091971,103.340402,97.987745,99.219367,110.152168,98.952412,111.845425,106.775726,117.958348,103.454287,79.930057,105.466179,111.412645,97.817695,107.778086,116.779358,103.798144,111.775476,92.976646,107.25621,107.875769,98.569401,104.190968,109.175819,104.957176,106.787197,109.504208,103.878757,107.752036
104.235087,117.622759,115.069203,103.987395,108.261064,107.318923,106.663074,113.832282,106.627692,110.743947,107.172374,110.436077,103.390675,109.986052,101.11848,116.384238,121.251022,110.833575,89.992062,108.080544,105.398526,113.283838,114.92334,106.286187,84.885761,102.041174,110.191134,108.493815,112.219982,111.948858,112.901374,93.431596,104.426276,106.698257,119.759632,101.395527,102.862846,115.371143,108.125787,105.781769,101.791146,103.503601,111.628391,117.048812,97.797269,116.613111,103.924181,95.097359,109.328959,106.506706,110.184773,111.973665,114.338265,103.638979,94.466244,109.733027,103.15086,111.793462,104.044145,111.271648,111.166419,84.032813,109.196656,117.234068,101.843668,112.706933,120.331841,102.7121,111.625465,108.279637,113.879169,113.534706,100.465405,111.937482,115.371461,110.742913,112.951631,112.55259,110.913263,108.92255
106.55852,113.09109,111.836222,106.383783,109.260229,111.337263,110.475008,110.806548,110.516215,111.969834,105.614716,114.636764,103.982313,117.335937,102.181623,115.767099,117.252716,112.256005,91.201705,108.97841,104.872948,116.559955,117.941786,103.112794,92.239691,104.317231,108.972993,109.510049,114.971188,114.665073,115.972993,104.48028,102.895053,111.276338,119.437077,102.30336,106.328843,120.507658,108.942464,116.797498,101.807779,102.420028,111.893917,117.027281,93.614791,113.195606,110.87325,96.97349,111.067407,111.130079,113.58709,113.800941,111.273152,107.454362,100.317277,112.747942,101.42332,114.33405,103.862482,110.435975,110.890933,90.322667,116.422471,112.771226,106.253508,112.548394,118.224035,108.345493,116.142321,106.406197,111.616765,115.321977,101.010136,115.059991,117.376852,114.365032,116.245578,117.038722,115.543638,105.306585
105.392275,115.7001,113.706925,108.24963,110.649944,109.956071,112.354706,115.201972,115.946374,117.510794,112.10042,114.494562,106.432391,114.676501,105.903551,120.87913,115.524061,113.433133,98.725729,112.572814,108.27132,114.526552,116.923276,106.280938,100.261355,107.826433,107.145277,117.670971,115.541475,117.470897,115.309522,103.998314,104.856891,108.65133,118.502412,107.958811,108.369701,121.89149,110.527454,111.744126,106.883522,106.894461,112.764735,118.71871,97.494777,111.172759,110.233844,104.584745,112.724555,111.350212,117.63586,112.980978,113.742834,112.970143,111.770243,117.490325,113.238548,114.64924,107.149085,115.711183,111.109479,95.878199,113.646287,116.862811,110.017386,113.679847,117.752364,107.104839,112.367294,110.492447,113.682818,111.424575,108.110883,113.501431,118.953013,109.268473,124.258,114.652937,112.195352,109.682883
113.460301,116.368656,113.614579,109.774336,111.580035,118.929731,116.216597,112.844411,118.637338,117.905757,108.01876,115.52197,112.39048,114.784015,106.483946,113.835657,112.694368,118.287407,103.826017,109.647942,117.410973,116.778896,117.170974,113.843376,106.210905,114.252825,107.878466,119.364786,117.09729,110.808782,116.773999,107.824582,110.550488,112.779273,120.298545,107.113272,112.337064,118.056497,112.268441,114.198453,112.38307,114.322946,113.693579,119.531734,111.463542,120.498187,114.410439,111.615097,115.273274,109.471889,118.105736,112.869986,114.607476,117.163317,111.290248,115.687068,117.909132,110.965294,109.51279,111.572697,113.342253,104.012513,115.078561,118.730157,112.136881,116.708163,117.604949,110.727705,114.284223,111.26369,117.491793,113.049849,113.839963,114.339677,114.941867,115.912802,116.157204,117.203385,112.191373,110.40637
111.367203,117.69412,114.788813,114.117648,110.192293,123.797464,124.14187,117.385482,113.755486,116.644518,110.122435,120.925965,116.546209,116.930823,110.409731,111.856248,110.499244,115.273794,111.59416,112.754296,113.769347,116.167192,115.229481,111.762942,110.67098,115.501148,108.004439,116.772922,116.445765,114.52656,119.625084,112.99153,110.947133,120.876621,116.631194,112.003953,118.674435,116.211835,111.644387,115.056467,114.441023,114.007097,120.430849,118.364671,110.829111,118.909569,119.575939,113.657753,113.745045,112.900617,116.797441,114.171028,115.495472,117.730656,111.258404,118.675705,112.520908,113.999159,114.704898,112.021817,112.390259,107.451759,119.912151,116.972304,118.966932,118.284964,118.535688,113.722005,114.451947,120.336026,115.495491,114.653696,109.245119,120.64922,117.900419,118.061283,119.351741,116.871642,113.650992,109.937305
119.245133,115.316398,115.670707,113.952774,118.336879,127.796626,123.232098,118.265649,118.917051,112.604657,112.961661,114.827733,118.503238,120.735364,108.142232,118.209949,115.510974,122.187729,109.38285,114.049206,119.59205,118.691577,117.141319,111.639327,107.994911,113.355276,110.746242,117.656236,121.360741,119.629355,118.997064,113.694489,111.574616,118.722403,118.644671,115.5387,120.088656,114.590873,114.546128,118.681345,112.887326,120.223166,118.385861,120.921418,114.815716,115.524858,118.893883,117.030252,116.781427,114.655329,115.694887,115.617122,114.792462,114.357143,119.735603,120.030658,111.831727,109.91031,117.731179,114.488886,118.921649,108.610788,123.160676,119.012263,119.24538,112.462117,115.918423,113.421445,115.922307,118.478318,117.736279,116.702874,114.649929,121.405648,112.711713,112.732302,115.091511,115.797138,118.885111,112.374549
118.666069,118.330081,113.803035,114.738808,120.159115,116.033058,117.072631,115.693299,117.550569,123.689973,112.943689,113.317927,117.544249,118.571326,114.073895,117.457019,116.800023,120.608214,109.994462,115.657384,117.776582,115.010143,116.076203,116.517762,112.93686,112.601292,114.554747,121.523738,121.725862,114.119267,117.566454,113.990609,121.672833,115.799369,123.260266,115.74791,116.284568,119.707459,111.383707,122.399235,118.973022,122.86495,122.087286,128.296084,120.093937,121.790349,119.667753,116.051181,117.074602,118.381381,115.570812,117.312557,117.575565,116.654463,118.059091,116.209311,118.427033,114.201153,118.894466,119.585585,115.99594,112.211438,118.743561,122.110253,120.605316,113.199819,117.631718,116.464495,112.943982,116.876962,116.350486,120.259647,118.318327,122.936244,113.206939,114.857687,119.284434,119.4461,117.302247,117.179708
117.441202,112.35634,115.261701,116.715294,125.513509,115.73936,116.596223,117.893576,115.674284,120.443592,114.337872,110.434553,111.828552,116.979268,117.893304,118.260602,117.674707,119.866066,112.072149,116.650347,117.106539,117.503722,113.611039,114.309414,112.0716,114.605773,120.713609,118.87166,123.761374,115.68763,116.655381,115.867682,119.944377,120.649434,118.871321,116.443384,116.584749,116.969396,114.184922,119.652797,123.041192,120.89637,116.071012,123.348213,117.436193,123.695467,117.696159,111.542539,125.37296,122.816461,115.158371,124.133124,113.604516,115.589197,116.78564,119.147065,118.653658,115.183731,117.33497,117.944123,114.704568,115.668429,116.232274,119.144064,120.280606,114.028943,119.064729,116.389349,119.672719,122.771688,116.8725,120.016035,114.373775,122.059208,116.141997,118.559003,118.990545,113.868118,119.020503,116.323293
119.547866,115.613452,120.022221,118.034494,116.77611,114.631722,116.643071,120.803053,117.816563,121.027355,114.235637,111.66947,117.323355,127.115427,116.584547,118.720423,117.67914,116.198074,117.954395,120.104871,119.58692,116.24699,114.690982,113.265205,115.497241,118.323546,117.090621,115.140616,116.849567,116.385467,114.302548,125.90024,119.834383,115.570793,125.316029,113.335473,115.558016,115.627121,117.353892,121.352016,123.751382,117.762106,118.48759,120.542299,122.415283,124.329099,120.399463,116.711949,120.543863,125.726001,116.428318,119.109189,119.01156,117.741466,116.101483,117.470137,120.936649,114.524175,116.0087,113.502911,119.714165,119.902109,120.607259,115.90604,116.361139,110.834763,121.362492,114.685371,115.225534,117.911013,115.193806,116.59913,113.694292,115.191852,115.106981,117.994003,116.113719,113.92743,121.273075,115.958327
117.154656,117.318021,120.16765,128.479883,119.908379,116.009015,114.907555,121.933761,118.690411,116.297912,116.712759,111.703189,119.183754,122.798477,115.344505,118.960302,118.999418,122.565737,115.418654,119.90478,120.851387,117.404506,113.613695,116.403646,114.639221,116.50425,118.658206,119.462018,121.880367,116.739848,115.664205,124.759688,118.629362,118.827212,125.296274,119.689126,116.757834,120.51452,115.928406,119.11303,119.492586,124.573984,116.95831,114.426731,118.260068,116.343762,116.81511,114.863835,122.821335,114.194139,111.971153,117.10377,122.304686,118.529026,118.934427,120.530052,113.592944,114.228761,119.866483,112.654477,114.670382,117.684208,121.583012,123.259145,116.330736,116.658319,119.989616,118.920802,118.368465,119.887555,112.731755,111.405518,114.214669,114.439778,119.280271,115.888756,115.400692,117.827845,119.245261,113.047534
