sep=;
Time;95th;50th;25th
2017-04-30T13:30:00.000Z;null;null;null
2017-04-30T13:31:00.000Z;null;null;null
2017-04-30T13:32:00.000Z;null;null;null
2017-04-30T13:33:00.000Z;null;null;null
2017-04-30T13:34:00.000Z;null;null;null
2017-04-30T13:35:00.000Z;null;null;null
2017-04-30T13:36:00.000Z;null;null;null
2017-04-30T13:37:00.000Z;null;null;null
2017-04-30T13:38:00.000Z;null;null;null
2017-04-30T13:39:00.000Z;null;null;null
2017-04-30T13:40:00.000Z;null;null;null
2017-04-30T13:41:00.000Z;null;null;null
2017-04-30T13:42:00.000Z;null;null;null
2017-04-30T13:43:00.000Z;null;null;null
2017-04-30T13:44:00.000Z;null;null;null
2017-04-30T13:45:00.000Z;null;null;null
2017-04-30T13:46:00.000Z;null;null;null
2017-04-30T13:47:00.000Z;null;null;null
2017-04-30T13:48:00.000Z;null;null;null
2017-04-30T13:49:00.000Z;null;null;null
2017-04-30T13:50:00.000Z;null;null;null
2017-04-30T13:51:00.000Z;null;null;null
2017-04-30T13:52:00.000Z;null;null;null
2017-04-30T13:53:00.000Z;null;null;null
2017-04-30T13:54:00.000Z;null;null;null
2017-04-30T13:55:00.000Z;null;null;null
2017-04-30T13:56:00.000Z;null;null;null
2017-04-30T13:57:00.000Z;null;null;null
2017-04-30T13:58:00.000Z;null;null;null
2017-04-30T13:59:00.000Z;null;null;null
2017-04-30T14:00:00.000Z;null;null;null
2017-04-30T14:01:00.000Z;null;null;null
2017-04-30T14:02:00.000Z;null;null;null
2017-04-30T14:03:00.000Z;null;null;null
2017-04-30T14:04:00.000Z;null;null;null
2017-04-30T14:05:00.000Z;null;null;null
2017-04-30T14:06:00.000Z;null;null;null
2017-04-30T14:07:00.000Z;null;null;null
2017-04-30T14:08:00.000Z;null;null;null
2017-04-30T14:09:00.000Z;null;null;null
2017-04-30T14:10:00.000Z;null;null;null
2017-04-30T14:11:00.000Z;null;null;null
2017-04-30T14:12:00.000Z;null;null;null
2017-04-30T14:13:00.000Z;null;null;null
2017-04-30T14:14:00.000Z;null;null;null
2017-04-30T14:15:00.000Z;null;null;null
2017-04-30T14:16:00.000Z;null;null;null
2017-04-30T14:17:00.000Z;null;null;null
2017-04-30T14:18:00.000Z;null;null;null
2017-04-30T14:19:00.000Z;null;null;null
2017-04-30T14:20:00.000Z;null;null;null
2017-04-30T14:21:00.000Z;null;null;null
2017-04-30T14:22:00.000Z;null;null;null
2017-04-30T14:23:00.000Z;null;null;null
2017-04-30T14:24:00.000Z;null;null;null
2017-04-30T14:25:00.000Z;null;null;null
2017-04-30T14:26:00.000Z;null;null;null
2017-04-30T14:27:00.000Z;null;null;null
2017-04-30T14:28:00.000Z;null;null;null
2017-04-30T14:29:00.000Z;null;null;null
2017-04-30T14:30:00.000Z;null;null;null
2017-04-30T14:31:00.000Z;null;null;null
2017-04-30T14:32:00.000Z;null;null;null
2017-04-30T14:33:00.000Z;null;null;null
2017-04-30T14:34:00.000Z;null;null;null
2017-04-30T14:35:00.000Z;null;null;null
2017-04-30T14:36:00.000Z;null;null;null
2017-04-30T14:37:00.000Z;null;null;null
2017-04-30T14:38:00.000Z;null;null;null
2017-04-30T14:39:00.000Z;null;null;null
2017-04-30T14:40:00.000Z;299383342;18637308;7377171
2017-04-30T14:41:00.000Z;186659938;17945187;9969973
2017-04-30T14:42:00.000Z;155418073;27274464;14879969
2017-04-30T14:43:00.000Z;180214564;45356020;20955555
2017-04-30T14:44:00.000Z;191882426;60681158;24920203
2017-04-30T14:45:00.000Z;215851808;74804496;30287882
2017-04-30T14:46:00.000Z;209792014;76482375;31153580
2017-04-30T14:47:00.000Z;217734835;75761164;31226792
2017-04-30T14:48:00.000Z;207488426;75867594;30408116
2017-04-30T14:49:00.000Z;203968494;77997357;31954501
2017-04-30T14:50:00.000Z;207331354;74810295;31627951
2017-04-30T14:51:00.000Z;205154178;78034171;31685161
2017-04-30T14:52:00.000Z;213014886;76984954;31581457
2017-04-30T14:53:00.000Z;247199837;88831845;40081182
2017-04-30T14:54:00.000Z;229089993;85728990;37301161
2017-04-30T14:55:00.000Z;217571155;83364065;35084508
2017-04-30T14:56:00.000Z;210780993;83201610;35281115
2017-04-30T14:57:00.000Z;213084812;82450231;34758322
2017-04-30T14:58:00.000Z;215670783;86075415;39129008
2017-04-30T14:59:00.000Z;221183764;85845058;39646659
2017-04-30T15:00:00.000Z;234726501;86103123;39169679
2017-04-30T15:01:00.000Z;231982030;87410434;40785512
2017-04-30T15:02:00.000Z;217152396;85563870;38368452
2017-04-30T15:03:00.000Z;224710020;83586536;36563476
2017-04-30T15:04:00.000Z;210826712;75073403;29901851
2017-04-30T15:05:00.000Z;206469330;77591695;32780907
2017-04-30T15:06:00.000Z;201050052;71804848;28174999
2017-04-30T15:07:00.000Z;217092544;76494352;30999345
2017-04-30T15:08:00.000Z;215566480;74257734;30147296
2017-04-30T15:09:00.000Z;225114639;83001054;35573524
2017-04-30T15:10:00.000Z;214256022;84209058;36310639
2017-04-30T15:11:00.000Z;233801889;81477395;31185002
2017-04-30T15:12:00.000Z;86711755;5564425;1758777
2017-04-30T15:13:00.000Z;89403052;8283005;5386725
2017-04-30T15:14:00.000Z;92248046;24859016;15115584
2017-04-30T15:15:00.000Z;90014798;22090630;19302893
2017-04-30T15:16:00.000Z;100971178;16034076;11848722
2017-04-30T15:17:00.000Z;102511319;21590209;15556397
2017-04-30T15:18:00.000Z;89203567;21543724;13866791
2017-04-30T15:19:00.000Z;98227504;15413586;12013213
2017-04-30T15:20:00.000Z;87037575;16410977;11283957
2017-04-30T15:21:00.000Z;89697764;14103628;10221285
2017-04-30T15:22:00.000Z;87829695;12499563;8045484
2017-04-30T15:23:00.000Z;85630054;16130576;12257951
2017-04-30T15:24:00.000Z;86843548;15675525;9994897
2017-04-30T15:25:00.000Z;78988315;11961806;6712175
2017-04-30T15:26:00.000Z;77599801;14644787;10751742
2017-04-30T15:27:00.000Z;78825672;15765441;10822648
2017-04-30T15:28:00.000Z;42342796;12945889;8164492
2017-04-30T15:29:00.000Z;41670621;16249779;11838273
2017-04-30T15:30:00.000Z;43376765;16583863;11861764
2017-04-30T15:31:00.000Z;33695427;13757808;9412858
2017-04-30T15:32:00.000Z;37294291;15255384;11173471
2017-04-30T15:33:00.000Z;43543679;15793947;11539795
2017-04-30T15:34:00.000Z;34432634;14556049;10233478
2017-04-30T15:35:00.000Z;36675635;15669872;11495574
2017-04-30T15:36:00.000Z;39568818;15762135;11461523
2017-04-30T15:37:00.000Z;35693783;15455862;10727178
2017-04-30T15:38:00.000Z;38920873;16520090;12092140
2017-04-30T15:39:00.000Z;44916718;17232311;12638402
2017-04-30T15:40:00.000Z;47551763;17492210;12091318
2017-04-30T15:41:00.000Z;47329923;17687823;12608248
2017-04-30T15:42:00.000Z;67412567;19824502;14299856
2017-04-30T15:43:00.000Z;67762210;19297689;13019684
2017-04-30T15:44:00.000Z;81390854;20199343;14044682
2017-04-30T15:45:00.000Z;79331093;19778201;13655286
2017-04-30T15:46:00.000Z;93282234;20963305;14112561
2017-04-30T15:47:00.000Z;109519171;24074411;16347095
2017-04-30T15:48:00.000Z;112985828;25509411;16266777
2017-04-30T15:49:00.000Z;169266486;38473521;18675166
2017-04-30T15:50:00.000Z;199335607;58530646;23257641
2017-04-30T15:51:00.000Z;192889771;62261797;26040869
2017-04-30T15:52:00.000Z;203383483;74883026;31221827
2017-04-30T15:53:00.000Z;212218544;78143095;32178139
2017-04-30T15:54:00.000Z;210760199;77243445;31340287
2017-04-30T15:55:00.000Z;null;null;null
2017-04-30T15:56:00.000Z;71969813;5547689;4224456
2017-04-30T15:57:00.000Z;96681037;11799842;6803499
2017-04-30T15:58:00.000Z;58299271;17055558;11828149
2017-04-30T15:59:00.000Z;86184896;10924742;8786476
2017-04-30T16:00:00.000Z;92577745;16411652;11790978
2017-04-30T16:01:00.000Z;89313639;18218866;15982963
2017-04-30T16:02:00.000Z;96646527;15828785;10068545
2017-04-30T16:03:00.000Z;92791009;16117008;11551561
2017-04-30T16:04:00.000Z;88339392;16893451;10804723
2017-04-30T16:05:00.000Z;78283112;13328872;8179442
2017-04-30T16:06:00.000Z;95723838;16943236;12947071
2017-04-30T16:07:00.000Z;93282894;19646578;14620898
2017-04-30T16:08:00.000Z;80987528;13373953;6394291
2017-04-30T16:09:00.000Z;79103493;14698785;9879539
2017-04-30T16:10:00.000Z;81676403;15669072;11260119
2017-04-30T16:11:00.000Z;50082530;12708358;6793315
2017-04-30T16:12:00.000Z;40204150;14672031;10504568
2017-04-30T16:13:00.000Z;48812421;15305795;11385663
2017-04-30T16:14:00.000Z;38777725;14288568;8787079
2017-04-30T16:15:00.000Z;34467699;15047224;11163645
2017-04-30T16:16:00.000Z;35894078;15748594;11684396
2017-04-30T16:17:00.000Z;38680473;15412345;10449522
2017-04-30T16:18:00.000Z;36596509;15730566;11397758
2017-04-30T16:19:00.000Z;38205526;17401315;13043819
2017-04-30T16:20:00.000Z;38013995;15795625;10667085
2017-04-30T16:21:00.000Z;40465490;16621215;11871284
2017-04-30T16:22:00.000Z;45815534;17627680;12867921
2017-04-30T16:23:00.000Z;44153304;16838055;11788254
2017-04-30T16:24:00.000Z;53865393;17913552;12906520
2017-04-30T16:25:00.000Z;49959975;17443876;12538115
2017-04-30T16:26:00.000Z;59442390;17523166;12069963
2017-04-30T16:27:00.000Z;72379543;19421069;13687405
2017-04-30T16:28:00.000Z;76200412;20594658;14458993
2017-04-30T16:29:00.000Z;82427210;19891275;13380715
2017-04-30T16:30:00.000Z;98647200;21399778;13873875
2017-04-30T16:31:00.000Z;104122662;23182168;15391053
2017-04-30T16:32:00.000Z;171402423;30432766;16539088
2017-04-30T16:33:00.000Z;177519597;45022755;20846300
2017-04-30T16:34:00.000Z;189710336;61117465;25019295
2017-04-30T16:35:00.000Z;196938208;60514976;24796290
2017-04-30T16:36:00.000Z;199622374;71989202;28293785
2017-04-30T16:37:00.000Z;211007072;79673760;35139284
2017-04-30T16:38:00.000Z;205872684;77960503;30725862
2017-04-30T16:39:00.000Z;19626220;1961852;1662001
2017-04-30T16:40:00.000Z;96804184;9132805;6302815
2017-04-30T16:41:00.000Z;92177515;15930590;11028236
2017-04-30T16:42:00.000Z;99628007;15908354;11487218
2017-04-30T16:43:00.000Z;89347795;15264917;10548587
2017-04-30T16:44:00.000Z;84975160;16842822;13740532
2017-04-30T16:45:00.000Z;102862419;16198942;12507212
2017-04-30T16:46:00.000Z;75432233;12563176;8437159
2017-04-30T16:47:00.000Z;88640498;15859061;10550566
2017-04-30T16:48:00.000Z;90236901;19806645;14918701
2017-04-30T16:49:00.000Z;87155905;16508947;9280892
2017-04-30T16:50:00.000Z;89916779;18864808;13618439
2017-04-30T16:51:00.000Z;86280233;15011207;8717099
2017-04-30T16:52:00.000Z;75313332;11846828;6625428
2017-04-30T16:53:00.000Z;85531423;15025049;11110746
2017-04-30T16:54:00.000Z;68237935;14906859;8962521
2017-04-30T16:55:00.000Z;49157643;13764025;8608841
2017-04-30T16:56:00.000Z;46085455;16296853;11780693
2017-04-30T16:57:00.000Z;42680694;15994089;11653845
2017-04-30T16:58:00.000Z;35256127;13847143;9223619
2017-04-30T16:59:00.000Z;37582083;15832166;11607183
2017-04-30T17:00:00.000Z;38819679;15898682;11926941
2017-04-30T17:01:00.000Z;36594237;14951296;10579264
2017-04-30T17:02:00.000Z;39217465;16151267;11955479
2017-04-30T17:03:00.000Z;39362169;16105882;11788848
2017-04-30T17:04:00.000Z;36402413;15618286;10650662
2017-04-30T17:05:00.000Z;40182568;17132962;12618317
2017-04-30T17:06:00.000Z;41534007;17026124;12829245
2017-04-30T17:07:00.000Z;48996584;17237381;12088600
2017-04-30T17:08:00.000Z;56834616;18460919;13273689
2017-04-30T17:09:00.000Z;48196404;17582649;12870382
2017-04-30T17:10:00.000Z;71451943;18628300;12453257
2017-04-30T17:11:00.000Z;88331090;20661068;14081440
2017-04-30T17:12:00.000Z;91009523;21465423;15152246
2017-04-30T17:13:00.000Z;118415169;23817417;15039083
2017-04-30T17:14:00.000Z;136755942;27684945;16722318
2017-04-30T17:15:00.000Z;99588827;23249796;15194595
2017-04-30T17:16:00.000Z;164671306;33684406;17395605
2017-04-30T17:17:00.000Z;198766834;63767372;25537035
2017-04-30T17:18:00.000Z;205584400;71821778;28354060
2017-04-30T17:19:00.000Z;209338197;79447417;33125332
2017-04-30T17:20:00.000Z;207884905;76654775;30176144
2017-04-30T17:21:00.000Z;212640874;74175623;29417180
2017-04-30T17:22:00.000Z;null;null;null
2017-04-30T17:23:00.000Z;75337035;10343202;5209714
2017-04-30T17:24:00.000Z;88206629;16008893;9630985
2017-04-30T17:25:00.000Z;92168892;20212495;10941562
2017-04-30T17:26:00.000Z;88422098;13259853;9425460
2017-04-30T17:27:00.000Z;75469656;15153086;13086223
2017-04-30T17:28:00.000Z;97630233;18347901;10458107
2017-04-30T17:29:00.000Z;93081225;13321408;6857931
2017-04-30T17:30:00.000Z;98010403;17528457;12493263
2017-04-30T17:31:00.000Z;87878833;19219396;13400472
2017-04-30T17:32:00.000Z;94129833;14825163;7698048
2017-04-30T17:33:00.000Z;88131000;15052423;11442963
2017-04-30T17:34:00.000Z;92279174;18353305;13461516
2017-04-30T17:35:00.000Z;87864367;13551099;6783032
2017-04-30T17:36:00.000Z;87198834;15059815;11344865
2017-04-30T17:37:00.000Z;77184526;16685871;12309270
2017-04-30T17:38:00.000Z;64998048;11999317;6774381
2017-04-30T17:39:00.000Z;48226096;14365845;10285431
2017-04-30T17:40:00.000Z;45711226;16587744;12558232
2017-04-30T17:41:00.000Z;35650968;14887473;9141549
2017-04-30T17:42:00.000Z;35996749;16304373;11825122
2017-04-30T17:43:00.000Z;35913008;16446347;11919157
2017-04-30T17:44:00.000Z;37475972;15329025;10252363
2017-04-30T17:45:00.000Z;36458162;16479174;11802442
2017-04-30T17:46:00.000Z;38638946;17462354;12821391
2017-04-30T17:47:00.000Z;37557198;15621105;10922062
2017-04-30T17:48:00.000Z;39739007;16003201;11310665
2017-04-30T17:49:00.000Z;45429217;17916157;12649259
2017-04-30T17:50:00.000Z;47750309;17276792;11865943
2017-04-30T17:51:00.000Z;55886537;18453140;13159049
2017-04-30T17:52:00.000Z;52008391;18166477;13395126
2017-04-30T17:53:00.000Z;70330905;18882793;12870434
2017-04-30T17:54:00.000Z;75249140;19548352;13720442
2017-04-30T17:55:00.000Z;85896271;20814076;14279846
2017-04-30T17:56:00.000Z;87608863;20639088;13782969
2017-04-30T17:57:00.000Z;136978391;27477515;16816648
2017-04-30T17:58:00.000Z;133314667;25776296;16404115
2017-04-30T17:59:00.000Z;131802990;27731780;15758404
2017-04-30T18:00:00.000Z;183127826;52754561;21985727
2017-04-30T18:01:00.000Z;194725378;69165895;27531298
2017-04-30T18:02:00.000Z;205006351;75033370;30573644
2017-04-30T18:03:00.000Z;212791889;79532239;33435521
2017-04-30T18:04:00.000Z;202956664;74450724;29653495
2017-04-30T18:05:00.000Z;220880764;87072042;39673908
2017-04-30T18:06:00.000Z;97425755;5881065;1769742
2017-04-30T18:07:00.000Z;88051636;10424916;8124967
2017-04-30T18:08:00.000Z;99963370;14670021;12474958
2017-04-30T18:09:00.000Z;81670211;18017311;12377483
2017-04-30T18:10:00.000Z;89718604;18007580;10639237
2017-04-30T18:11:00.000Z;100535950;16812637;12186028
2017-04-30T18:12:00.000Z;89069756;12463145;7070325
2017-04-30T18:13:00.000Z;97006424;12711320;8584545
2017-04-30T18:14:00.000Z;89013418;15830283;9386984
2017-04-30T18:15:00.000Z;98716835;15232505;7874354
2017-04-30T18:16:00.000Z;88199961;14406043;7753498
2017-04-30T18:17:00.000Z;97699268;17175861;11987218
2017-04-30T18:18:00.000Z;88947518;14534982;6460957
2017-04-30T18:19:00.000Z;81068298;12479755;7692038
2017-04-30T18:20:00.000Z;85347251;15392702;11060275
2017-04-30T18:21:00.000Z;73038112;15277779;9901374
2017-04-30T18:22:00.000Z;48257533;13978619;8728837
2017-04-30T18:23:00.000Z;53167560;15227698;11507850
2017-04-30T18:24:00.000Z;48303206;15289296;10964906
2017-04-30T18:25:00.000Z;36290499;14518301;9696067
2017-04-30T18:26:00.000Z;37967087;16006691;11515204
2017-04-30T18:27:00.000Z;43732576;15854013;11359178
2017-04-30T18:28:00.000Z;35110898;15588435;10515710
2017-04-30T18:29:00.000Z;41060800;17299246;12830228
2017-04-30T18:30:00.000Z;45424742;17775739;13102896
2017-04-30T18:31:00.000Z;44700481;16580520;11656142
2017-04-30T18:32:00.000Z;39495769;17061619;12621328
2017-04-30T18:33:00.000Z;44057734;17160922;12344629
2017-04-30T18:34:00.000Z;43987081;16716935;11797935
2017-04-30T18:35:00.000Z;53179577;18730618;13108455
2017-04-30T18:36:00.000Z;61165581;18671246;13245145
2017-04-30T18:37:00.000Z;83120059;19879936;13667211
2017-04-30T18:38:00.000Z;84661912;21322750;14996980
2017-04-30T18:39:00.000Z;77053737;19919191;13888250
2017-04-30T18:40:00.000Z;104766281;23149119;14940090
2017-04-30T18:41:00.000Z;130337747;27949751;17239514
2017-04-30T18:42:00.000Z;116257952;25567296;16243281
2017-04-30T18:43:00.000Z;174445066;42235947;19647604
2017-04-30T18:44:00.000Z;199255893;66219570;26376411
2017-04-30T18:45:00.000Z;207014024;71636377;27206410
2017-04-30T18:46:00.000Z;216183103;82348184;33904738
2017-04-30T18:47:00.000Z;217488261;82248627;34087637
2017-04-30T18:48:00.000Z;223014945;80136920;34246100
2017-04-30T18:49:00.000Z;null;null;null
2017-04-30T18:50:00.000Z;80103171;7750276;5434476
2017-04-30T18:51:00.000Z;107526519;17774865;10640658
2017-04-30T18:52:00.000Z;90698049;15753825;10372326
2017-04-30T18:53:00.000Z;90648659;13803142;10954619
2017-04-30T18:54:00.000Z;98418791;18894169;12751324
2017-04-30T18:55:00.000Z;100476204;22257492;15809959
2017-04-30T18:56:00.000Z;87680032;17461850;10811033
2017-04-30T18:57:00.000Z;91434924;19796285;14392554
2017-04-30T18:58:00.000Z;97990959;20510078;15497545
2017-04-30T18:59:00.000Z;86522222;15972280;7632263
2017-04-30T19:00:00.000Z;87677133;17235260;10837410
2017-04-30T19:01:00.000Z;99004908;17571496;12729985
2017-04-30T19:02:00.000Z;85937058;12401857;6452600
2017-04-30T19:03:00.000Z;77423621;14062811;9619624
2017-04-30T19:04:00.000Z;81871313;15281587;11430336
2017-04-30T19:05:00.000Z;54663700;11796776;6774586
2017-04-30T19:06:00.000Z;52084847;14601845;10580803
2017-04-30T19:07:00.000Z;53372697;16356109;12619569
2017-04-30T19:08:00.000Z;42427937;15282436;9475772
2017-04-30T19:09:00.000Z;37892713;15704737;11236595
2017-04-30T19:10:00.000Z;44221314;16371419;12576007
2017-04-30T19:11:00.000Z;36621074;15453527;10332314
2017-04-30T19:12:00.000Z;39801320;16680200;11967726
2017-04-30T19:13:00.000Z;40579347;17874144;12977564
2017-04-30T19:14:00.000Z;41161216;16639213;11057863
2017-04-30T19:15:00.000Z;42943471;16336861;11836388
2017-04-30T19:16:00.000Z;44448866;17810982;13155546
2017-04-30T19:17:00.000Z;52458911;17201707;11889811
2017-04-30T19:18:00.000Z;50302767;17612105;12600705
2017-04-30T19:19:00.000Z;48297138;18480976;13373526
2017-04-30T19:20:00.000Z;75677034;18384148;12633603
2017-04-30T19:21:00.000Z;73048089;19742734;13747972
2017-04-30T19:22:00.000Z;80862321;20827294;14661865
2017-04-30T19:23:00.000Z;94346128;20952640;14344243
2017-04-30T19:24:00.000Z;110601406;25313663;16390333
2017-04-30T19:25:00.000Z;114772490;25616291;16496148
2017-04-30T19:26:00.000Z;159382795;34075029;18366025
2017-04-30T19:27:00.000Z;187823780;62346199;25497677
2017-04-30T19:28:00.000Z;209206506;80057583;34219575
2017-04-30T19:29:00.000Z;216428683;85008740;36442619
2017-04-30T19:30:00.000Z;213716292;81980540;34786489
2017-04-30T19:31:00.000Z;208781874;72814469;29468384
2017-04-30T19:32:00.000Z;200373349;77978467;31042168
2017-04-30T19:33:00.000Z;83172587;1737887;1662612
2017-04-30T19:34:00.000Z;88892521;12444596;6267576
2017-04-30T19:35:00.000Z;108883557;14200359;10622348
2017-04-30T19:36:00.000Z;86016413;16713853;9339881
2017-04-30T19:37:00.000Z;90924606;15481711;11217573
2017-04-30T19:38:00.000Z;85495219;17788877;11180291
2017-04-30T19:39:00.000Z;95654317;21590011;11152853
2017-04-30T19:40:00.000Z;81384896;16983115;10356375
2017-04-30T19:41:00.000Z;96016337;18514140;13503069
2017-04-30T19:42:00.000Z;101390643;16148561;9643115
2017-04-30T19:43:00.000Z;85752937;13998573;9794165
2017-04-30T19:44:00.000Z;92377605;16339398;11753252
2017-04-30T19:45:00.000Z;79161180;14389389;8015528
2017-04-30T19:46:00.000Z;76494007;12904713;8210647
2017-04-30T19:47:00.000Z;76043650;16520643;11633968
2017-04-30T19:48:00.000Z;82726649;16100582;11056659
2017-04-30T19:49:00.000Z;40530670;13048713;8354632
2017-04-30T19:50:00.000Z;59943124;15959229;11436542
2017-04-30T19:51:00.000Z;41292631;15602835;10975271
2017-04-30T19:52:00.000Z;36791173;14699197;9823026
2017-04-30T19:53:00.000Z;41192794;16058975;11473365
2017-04-30T19:54:00.000Z;40795780;17480074;12825886
2017-04-30T19:55:00.000Z;33874053;14729229;10311304
2017-04-30T19:56:00.000Z;34605385;15790431;11684764
2017-04-30T19:57:00.000Z;41185796;16539380;12032154
2017-04-30T19:58:00.000Z;43864909;16190493;11186007
2017-04-30T19:59:00.000Z;42640204;16807983;12354836
2017-04-30T20:00:00.000Z;47200051;17454814;12323191
2017-04-30T20:01:00.000Z;42499831;16545376;11564544
2017-04-30T20:02:00.000Z;50127320;17840169;12937433
2017-04-30T20:03:00.000Z;59400437;18290710;12910138
2017-04-30T20:04:00.000Z;67092356;17883925;12549362
2017-04-30T20:05:00.000Z;92079812;20346382;14266863
2017-04-30T20:06:00.000Z;86902256;21241985;14708022
2017-04-30T20:07:00.000Z;102372236;22657180;14603914
2017-04-30T20:08:00.000Z;97357198;21795265;14792451
2017-04-30T20:09:00.000Z;102062388;24248719;15733316
2017-04-30T20:10:00.000Z;163225011;30686420;16142657
2017-04-30T20:11:00.000Z;200041394;61903757;24169832
2017-04-30T20:12:00.000Z;218009482;78427844;30969307
2017-04-30T20:13:00.000Z;208362572;75297923;29090343
2017-04-30T20:14:00.000Z;214840519;77911461;33098243
2017-04-30T20:15:00.000Z;204711849;75087051;29901640
2017-04-30T20:16:00.000Z;null;null;null
2017-04-30T20:17:00.000Z;65897568;9741706;6142050
2017-04-30T20:18:00.000Z;100792025;14227041;6720623
2017-04-30T20:19:00.000Z;111391611;22870730;14322506
2017-04-30T20:20:00.000Z;91943456;20008229;14515309
2017-04-30T20:21:00.000Z;95523407;15653382;9794323
2017-04-30T20:22:00.000Z;90749192;19057095;12785938
2017-04-30T20:23:00.000Z;93310665;16123085;6669056
2017-04-30T20:24:00.000Z;96762023;15245856;11302409
2017-04-30T20:25:00.000Z;86357891;17924018;12343735
2017-04-30T20:26:00.000Z;81301595;13343565;7715541
2017-04-30T20:27:00.000Z;87518788;16269173;12091131
2017-04-30T20:28:00.000Z;95137705;19353264;15101546
2017-04-30T20:29:00.000Z;83527159;13650444;7414484
2017-04-30T20:30:00.000Z;72271965;14643923;9854979
2017-04-30T20:31:00.000Z;79809635;16570075;11857184
2017-04-30T20:32:00.000Z;58130976;12258239;6742845
2017-04-30T20:33:00.000Z;56242906;13633458;9478044
2017-04-30T20:34:00.000Z;44544813;15985049;11733078
2017-04-30T20:35:00.000Z;45009134;15150241;9738933
2017-04-30T20:36:00.000Z;36350895;14883061;10577990
2017-04-30T20:37:00.000Z;41924549;16609499;12011238
2017-04-30T20:38:00.000Z;34690371;15215029;9790344
2017-04-30T20:39:00.000Z;36939536;15687884;11375587
2017-04-30T20:40:00.000Z;38973863;16585891;11993031
2017-04-30T20:41:00.000Z;38835703;15460395;9970691
2017-04-30T20:42:00.000Z;40587702;16488623;11894090
2017-04-30T20:43:00.000Z;44915521;17017824;12452028
2017-04-30T20:44:00.000Z;43848924;16421123;11171454
2017-04-30T20:45:00.000Z;52613003;17732870;12889723
2017-04-30T20:46:00.000Z;68024847;18782369;13862141
2017-04-30T20:47:00.000Z;76175270;18245363;12531698
2017-04-30T20:48:00.000Z;72239267;19554253;13579578
2017-04-30T20:49:00.000Z;75681850;19850566;13749352
2017-04-30T20:50:00.000Z;89254907;20763831;13874444
2017-04-30T20:51:00.000Z;103877417;22900996;15175668
2017-04-30T20:52:00.000Z;106062194;24939755;16561874
2017-04-30T20:53:00.000Z;146956301;31452387;17731153
2017-04-30T20:54:00.000Z;190319919;46542110;21540373
2017-04-30T20:55:00.000Z;196603168;69291973;28164094
2017-04-30T20:56:00.000Z;189294784;65936568;26324705
2017-04-30T20:57:00.000Z;210539288;76442819;30096189
2017-04-30T20:58:00.000Z;201001225;72758700;29746249
2017-04-30T20:59:00.000Z;214504587;83349642;38952021
2017-04-30T21:00:00.000Z;95319245;7786692;6766082
2017-04-30T21:01:00.000Z;90560885;10585834;7827831
2017-04-30T21:02:00.000Z;83597739;14067293;12358375
2017-04-30T21:03:00.000Z;100520139;18424442;13359704
2017-04-30T21:04:00.000Z;97228210;17334697;11578570
2017-04-30T21:05:00.000Z;100916441;15083150;10443655
2017-04-30T21:06:00.000Z;87022429;19899978;14341472
2017-04-30T21:07:00.000Z;80835866;15983128;8834293
2017-04-30T21:08:00.000Z;96374636;18699423;11512506
2017-04-30T21:09:00.000Z;102232044;21389953;11498820
2017-04-30T21:10:00.000Z;84328978;13305159;8344383
2017-04-30T21:11:00.000Z;90375283;14380778;10248809
2017-04-30T21:12:00.000Z;89866737;14127192;8563358
2017-04-30T21:13:00.000Z;66805276;12437558;7260254
2017-04-30T21:14:00.000Z;85784722;15478497;10872634
2017-04-30T21:15:00.000Z;82537361;16508186;10558813
2017-04-30T21:16:00.000Z;52314153;12864899;7796266
2017-04-30T21:17:00.000Z;57544749;14597530;10622247
2017-04-30T21:18:00.000Z;49578348;14849537;10470785
2017-04-30T21:19:00.000Z;37041444;13632460;8702795
2017-04-30T21:20:00.000Z;36514489;15802550;11731686
2017-04-30T21:21:00.000Z;37041563;15670487;11727497
2017-04-30T21:22:00.000Z;38002104;15466609;10349471
2017-04-30T21:23:00.000Z;40706318;16903263;12622411
2017-04-30T21:24:00.000Z;40095070;16879882;12753382
2017-04-30T21:25:00.000Z;40598056;15737894;11161625
2017-04-30T21:26:00.000Z;41066362;17542403;12903487
2017-04-30T21:27:00.000Z;45310491;18016364;13087345
2017-04-30T21:28:00.000Z;49697656;17646759;11853298
2017-04-30T21:29:00.000Z;48456445;18579499;13262687
2017-04-30T21:30:00.000Z;64340912;19230051;13715696
2017-04-30T21:31:00.000Z;67897914;18740148;12795092
2017-04-30T21:32:00.000Z;69911653;20027425;14098988
2017-04-30T21:33:00.000Z;85453228;20644983;14569179
2017-04-30T21:34:00.000Z;109015999;23469734;14773149
2017-04-30T21:35:00.000Z;115881303;24957167;15939164
2017-04-30T21:36:00.000Z;118641782;25691980;16331391
2017-04-30T21:37:00.000Z;163598934;34229574;17258731
2017-04-30T21:38:00.000Z;198325622;71196134;28022960
2017-04-30T21:39:00.000Z;198431433;65358390;25082234
2017-04-30T21:40:00.000Z;197033476;70897663;26958106
2017-04-30T21:41:00.000Z;208512131;79581264;34191895
2017-04-30T21:42:00.000Z;205005770;64292044;23942609
2017-04-30T21:43:00.000Z;null;null;null
2017-04-30T21:44:00.000Z;93678111;5997425;1752484
2017-04-30T21:45:00.000Z;82789964;14235340;6253440
2017-04-30T21:46:00.000Z;91541011;16745404;11120958
2017-04-30T21:47:00.000Z;95674253;18254795;8403132
2017-04-30T21:48:00.000Z;92304686;18440040;12938308
2017-04-30T21:49:00.000Z;93150884;16747896;12937792
2017-04-30T21:50:00.000Z;100709385;16697288;9034280
2017-04-30T21:51:00.000Z;98697833;17443871;12632748
2017-04-30T21:52:00.000Z;88822883;18759036;13346729
2017-04-30T21:53:00.000Z;81498467;13262313;7076713
2017-04-30T21:54:00.000Z;82510274;16318170;11368360
2017-04-30T21:55:00.000Z;90262558;18100299;13777317
2017-04-30T21:56:00.000Z;68823837;11583099;5870272
2017-04-30T21:57:00.000Z;84947661;14736134;9285397
2017-04-30T21:58:00.000Z;85824994;16311737;11852933
2017-04-30T21:59:00.000Z;66980446;13922963;6657852
2017-04-30T22:00:00.000Z;58417373;15278328;10446560
2017-04-30T22:01:00.000Z;51315997;16433186;12706717
2017-04-30T22:02:00.000Z;39309057;15077542;9230083
2017-04-30T22:03:00.000Z;35846600;15080171;10421474
2017-04-30T22:04:00.000Z;35739763;16064678;11931558
2017-04-30T22:05:00.000Z;36956919;15102995;10343573
2017-04-30T22:06:00.000Z;38631863;15704093;11691148
2017-04-30T22:07:00.000Z;42665239;17185795;12768587
2017-04-30T22:08:00.000Z;46842217;16603842;11346111
2017-04-30T22:09:00.000Z;41107591;16633970;12047599
2017-04-30T22:10:00.000Z;48981976;18161772;13373755
2017-04-30T22:11:00.000Z;43075528;16552893;11734272
2017-04-30T22:12:00.000Z;59063598;18204627;13125527
2017-04-30T22:13:00.000Z;57315698;18950317;13743532
2017-04-30T22:14:00.000Z;60749433;18546401;12652647
2017-04-30T22:15:00.000Z;64482984;19613937;13498038
2017-04-30T22:16:00.000Z;77305721;20476454;14404730
2017-04-30T22:17:00.000Z;88403052;20728008;14234511
2017-04-30T22:18:00.000Z;87837787;21840859;14361922
2017-04-30T22:19:00.000Z;100936542;22393372;15259341
2017-04-30T22:20:00.000Z;136416561;28263218;16053382
2017-04-30T22:21:00.000Z;163025713;33970430;18177253
2017-04-30T22:22:00.000Z;200806719;59080949;23440000
2017-04-30T22:23:00.000Z;201709273;66543184;26734039
2017-04-30T22:24:00.000Z;208463247;73922116;29401215
2017-04-30T22:25:00.000Z;213517814;77413665;32616191
2017-04-30T22:26:00.000Z;198079782;72770144;28927043
2017-04-30T22:27:00.000Z;null;null;null
2017-04-30T22:28:00.000Z;null;null;null
2017-04-30T22:29:00.000Z;null;null;null
2017-04-30T22:30:00.000Z;null;null;null
2017-04-30T22:31:00.000Z;null;null;null
2017-04-30T22:32:00.000Z;null;null;null
2017-04-30T22:33:00.000Z;null;null;null
2017-04-30T22:34:00.000Z;null;null;null
2017-04-30T22:35:00.000Z;null;null;null
2017-04-30T22:36:00.000Z;null;null;null
2017-04-30T22:37:00.000Z;null;null;null
2017-04-30T22:38:00.000Z;null;null;null
2017-04-30T22:39:00.000Z;null;null;null
2017-04-30T22:40:00.000Z;null;null;null
2017-04-30T22:41:00.000Z;null;null;null
2017-04-30T22:42:00.000Z;null;null;null
2017-04-30T22:43:00.000Z;null;null;null
2017-04-30T22:44:00.000Z;null;null;null
2017-04-30T22:45:00.000Z;null;null;null
2017-04-30T22:46:00.000Z;null;null;null
2017-04-30T22:47:00.000Z;null;null;null
2017-04-30T22:48:00.000Z;null;null;null
2017-04-30T22:49:00.000Z;null;null;null
2017-04-30T22:50:00.000Z;null;null;null
2017-04-30T22:51:00.000Z;null;null;null
2017-04-30T22:52:00.000Z;null;null;null
2017-04-30T22:53:00.000Z;null;null;null
2017-04-30T22:54:00.000Z;null;null;null
2017-04-30T22:55:00.000Z;null;null;null
2017-04-30T22:56:00.000Z;null;null;null
2017-04-30T22:57:00.000Z;null;null;null
2017-04-30T22:58:00.000Z;null;null;null
2017-04-30T22:59:00.000Z;null;null;null
2017-04-30T23:00:00.000Z;null;null;null
2017-04-30T23:01:00.000Z;null;null;null
2017-04-30T23:02:00.000Z;null;null;null
2017-04-30T23:03:00.000Z;null;null;null
2017-04-30T23:04:00.000Z;null;null;null
2017-04-30T23:05:00.000Z;null;null;null
2017-04-30T23:06:00.000Z;null;null;null
2017-04-30T23:07:00.000Z;null;null;null
2017-04-30T23:08:00.000Z;null;null;null
2017-04-30T23:09:00.000Z;null;null;null
2017-04-30T23:10:00.000Z;null;null;null
2017-04-30T23:11:00.000Z;null;null;null
2017-04-30T23:12:00.000Z;null;null;null
2017-04-30T23:13:00.000Z;null;null;null
2017-04-30T23:14:00.000Z;null;null;null
2017-04-30T23:15:00.000Z;null;null;null
2017-04-30T23:16:00.000Z;null;null;null
2017-04-30T23:17:00.000Z;null;null;null
2017-04-30T23:18:00.000Z;null;null;null
2017-04-30T23:19:00.000Z;null;null;null
2017-04-30T23:20:00.000Z;null;null;null
2017-04-30T23:21:00.000Z;null;null;null
2017-04-30T23:22:00.000Z;null;null;null
2017-04-30T23:23:00.000Z;null;null;null
2017-04-30T23:24:00.000Z;null;null;null
2017-04-30T23:25:00.000Z;null;null;null
2017-04-30T23:26:00.000Z;null;null;null
2017-04-30T23:27:00.000Z;null;null;null
2017-04-30T23:28:00.000Z;null;null;null
2017-04-30T23:29:00.000Z;null;null;null
2017-04-30T23:30:00.000Z;null;null;null
2017-04-30T23:31:00.000Z;null;null;null
2017-04-30T23:32:00.000Z;null;null;null
2017-04-30T23:33:00.000Z;null;null;null
2017-04-30T23:34:00.000Z;null;null;null
2017-04-30T23:35:00.000Z;null;null;null
2017-04-30T23:36:00.000Z;null;null;null
2017-04-30T23:37:00.000Z;null;null;null
2017-04-30T23:38:00.000Z;null;null;null
2017-04-30T23:39:00.000Z;null;null;null
2017-04-30T23:40:00.000Z;null;null;null
2017-04-30T23:41:00.000Z;null;null;null
2017-04-30T23:42:00.000Z;null;null;null
2017-04-30T23:43:00.000Z;null;null;null
2017-04-30T23:44:00.000Z;null;null;null
2017-04-30T23:45:00.000Z;null;null;null
2017-04-30T23:46:00.000Z;null;null;null
2017-04-30T23:47:00.000Z;null;null;null
2017-04-30T23:48:00.000Z;null;null;null
2017-04-30T23:49:00.000Z;null;null;null
2017-04-30T23:50:00.000Z;null;null;null
2017-04-30T23:51:00.000Z;null;null;null
2017-04-30T23:52:00.000Z;null;null;null
2017-04-30T23:53:00.000Z;null;null;null
2017-04-30T23:54:00.000Z;null;null;null
2017-04-30T23:55:00.000Z;null;null;null
2017-04-30T23:56:00.000Z;null;null;null
2017-04-30T23:57:00.000Z;null;null;null
2017-04-30T23:58:00.000Z;null;null;null
2017-04-30T23:59:00.000Z;null;null;null
2017-05-01T00:00:00.000Z;null;null;null
2017-05-01T00:01:00.000Z;null;null;null
2017-05-01T00:02:00.000Z;null;null;null
2017-05-01T00:03:00.000Z;null;null;null
2017-05-01T00:04:00.000Z;null;null;null
2017-05-01T00:05:00.000Z;null;null;null
2017-05-01T00:06:00.000Z;null;null;null
2017-05-01T00:07:00.000Z;null;null;null
2017-05-01T00:08:00.000Z;null;null;null
2017-05-01T00:09:00.000Z;null;null;null
2017-05-01T00:10:00.000Z;null;null;null
2017-05-01T00:11:00.000Z;null;null;null
2017-05-01T00:12:00.000Z;null;null;null
2017-05-01T00:13:00.000Z;null;null;null
2017-05-01T00:14:00.000Z;null;null;null
2017-05-01T00:15:00.000Z;null;null;null
2017-05-01T00:16:00.000Z;null;null;null
2017-05-01T00:17:00.000Z;null;null;null
2017-05-01T00:18:00.000Z;null;null;null
2017-05-01T00:19:00.000Z;null;null;null
2017-05-01T00:20:00.000Z;null;null;null
2017-05-01T00:21:00.000Z;null;null;null
2017-05-01T00:22:00.000Z;null;null;null
2017-05-01T00:23:00.000Z;null;null;null
2017-05-01T00:24:00.000Z;null;null;null
2017-05-01T00:25:00.000Z;null;null;null
2017-05-01T00:26:00.000Z;null;null;null
2017-05-01T00:27:00.000Z;null;null;null
2017-05-01T00:28:00.000Z;null;null;null
2017-05-01T00:29:00.000Z;null;null;null
2017-05-01T00:30:00.000Z;null;null;null
2017-05-01T00:31:00.000Z;null;null;null
2017-05-01T00:32:00.000Z;null;null;null
2017-05-01T00:33:00.000Z;null;null;null
2017-05-01T00:34:00.000Z;null;null;null
2017-05-01T00:35:00.000Z;null;null;null
2017-05-01T00:36:00.000Z;null;null;null
2017-05-01T00:37:00.000Z;null;null;null
2017-05-01T00:38:00.000Z;null;null;null
2017-05-01T00:39:00.000Z;null;null;null
2017-05-01T00:40:00.000Z;null;null;null
2017-05-01T00:41:00.000Z;null;null;null
2017-05-01T00:42:00.000Z;null;null;null
2017-05-01T00:43:00.000Z;null;null;null
2017-05-01T00:44:00.000Z;null;null;null
2017-05-01T00:45:00.000Z;null;null;null
2017-05-01T00:46:00.000Z;null;null;null
2017-05-01T00:47:00.000Z;null;null;null
