cpuusage_middle_RUN1,cpuusage_middle_RUN2,cpuusage_middle_RUN3,cpuusage_middle_RUN4,cpuusage_middle_RUN5,cpuusage_middle_RUN6,cpuusage_middle_RUN7,cpuusage_middle_RUN8,cpuusage_middle_RUN9,cpuusage_middle_RUN10,cpuusage_middle_RUN11,cpuusage_middle_RUN12,cpuusage_middle_RUN13,cpuusage_middle_RUN14,cpuusage_middle_RUN15,cpuusage_middle_RUN16,cpuusage_middle_RUN17,cpuusage_middle_RUN18,cpuusage_middle_RUN19,cpuusage_middle_RUN20,cpuusage_middle_RUN21,cpuusage_middle_RUN22,cpuusage_middle_RUN23,cpuusage_middle_RUN24,cpuusage_middle_RUN25,cpuusage_middle_RUN26,cpuusage_middle_RUN27,cpuusage_middle_RUN28,cpuusage_middle_RUN29,cpuusage_middle_RUN30,cpuusage_middle_RUN31,cpuusage_middle_RUN33,cpuusage_middle_RUN34,cpuusage_middle_RUN35,cpuusage_middle_RUN36,cpuusage_middle_RUN37,cpuusage_middle_RUN38,cpuusage_middle_RUN39,cpuusage_middle_RUN40,cpuusage_middle_RUN41,cpuusage_middle_RUN42,cpuusage_middle_RUN43,cpuusage_middle_RUN44,cpuusage_middle_RUN45,cpuusage_middle_RUN46,cpuusage_middle_RUN47,cpuusage_middle_RUN48,cpuusage_middle_RUN49,cpuusage_middle_RUN50,cpuusage_middle_RUN51,cpuusage_middle_RUN52,cpuusage_middle_RUN53,cpuusage_middle_RUN54,cpuusage_middle_RUN55,cpuusage_middle_RUN56,cpuusage_middle_RUN57,cpuusage_middle_RUN58,cpuusage_middle_RUN59,cpuusage_middle_RUN60,cpuusage_middle_RUN61,cpuusage_middle_RUN62,cpuusage_middle_RUN63,cpuusage_middle_RUN64,cpuusage_middle_RUN65,cpuusage_middle_RUN66,cpuusage_middle_RUN67,cpuusage_middle_RUN68,cpuusage_middle_RUN69,cpuusage_middle_RUN70,cpuusage_middle_RUN71,cpuusage_middle_RUN72,cpuusage_middle_RUN73,cpuusage_middle_RUN74,cpuusage_middle_RUN75,cpuusage_middle_RUN76,cpuusage_middle_RUN77,cpuusage_middle_RUN78,cpuusage_middle_RUN79,cpuusage_middle_RUN80,cpuusage_middle_RUN81,cpuusage_middle_RUN82,cpuusage_middle_RUN83
1,2,1,1,2,2,1,1,1,3,2,1,1,1,1,1,2,1,1,1,2,2,2,1,1,2,1,94,1,1,1,100,1,2,2,1,1,1,1,1,1,2,1,1,1,11,1,1,1,1,1,1,1,2,1,1,1,2,1,2,1,86,1,1,1,2,2,2,2,1,1,1,2,1,2,1,1,1,1,1,1,1
1,1,1,3,1,1,2,2,1,1,2,2,3,2,1,2,2,2,1,1,2,3,1,2,1,2,2,2,1,1,2,1,1,5,3,1,1,1,1,2,1,1,2,1,1,2,2,1,1,1,2,1,1,1,1,1,1,1,1,1,1,2,2,1,4,2,1,1,1,1,1,1,1,1,1,1,2,2,1,1,1,1
1,1,1,3,1,1,1,1,1,1,3,1,4,1,1,3,1,1,1,1,2,3,2,1,1,1,1,1,1,2,4,1,1,3,3,2,1,1,1,2,1,2,1,1,1,2,1,1,1,1,1,1,2,1,1,1,1,1,1,1,1,1,3,1,1,1,1,1,1,1,1,1,1,1,1,2,1,1,1,1,2,2
1,5,1,3,1,6,1,1,1,1,6,1,11,1,19,6,30,4,1,1,1,17,1,8,1,8,1,1,3,1,4,1,6,2,19,1,2,1,28,7,1,5,2,1,1,1,2,1,6,1,1,3,28,1,11,1,1,12,1,1,2,1,3,14,1,7,5,1,1,28,1,2,6,1,20,1,35,1,7,1,13,1
25,35,69,5,40,38,5,1,1,36,52,35,69,15,99,97,126,38,1,1,41,95,35,76,1,43,45,33,34,1,45,22,68,20,113,7,2,50,80,81,15,51,3,2,59,37,58,38,49,10,22,33,106,65,43,76,32,84,19,1,74,34,44,85,54,19,77,1,1,97,45,6,38,64,99,1,106,48,52,69,53,53
67,52,142,6,94,51,14,1,2,113,63,95,94,43,135,151,162,52,1,1,87,121,63,100,1,55,76,90,50,1,88,72,96,60,150,13,1,98,95,117,33,74,3,1,109,99,84,95,67,14,93,51,145,103,54,139,114,122,46,1,123,105,72,106,92,21,108,1,1,116,68,16,53,136,131,1,129,100,78,122,68,93
82,59,172,16,100,58,19,30,4,144,74,122,109,51,157,181,183,60,1,3,107,135,76,115,1,75,88,112,62,1,101,85,112,75,171,14,7,114,101,128,39,94,3,10,122,122,104,112,88,16,114,62,173,124,68,155,154,140,54,19,132,137,86,130,111,60,133,1,1,128,76,22,71,152,148,1,161,113,97,130,103,106
107,119,188,63,150,91,43,111,49,192,90,154,159,109,221,222,244,127,1,37,145,178,123,186,5,159,145,131,141,30,123,108,135,105,235,18,35,149,106,188,36,175,3,35,191,178,150,152,166,54,139,83,272,162,94,233,203,206,128,63,160,176,124,183,203,154,132,2,1,156,103,47,137,213,203,25,236,145,134,194,188,175
148,157,196,91,205,120,62,142,69,263,96,188,189,193,252,269,267,168,1,53,209,206,168,236,10,202,184,156,171,67,173,134,147,151,251,26,46,175,106,230,37,222,1,55,248,252,182,203,212,77,198,97,301,204,108,287,287,249,207,81,196,219,149,205,252,189,135,1,1,172,134,118,164,267,223,45,262,179,145,245,223,226
166,180,199,99,218,118,71,189,83,280,90,198,195,228,280,282,283,190,1,62,238,228,202,247,12,239,205,156,190,79,190,142,154,165,258,29,73,198,141,255,35,255,1,86,275,287,201,220,246,79,229,94,330,227,120,281,299,256,238,105,207,225,166,228,265,220,130,25,2,205,140,139,182,285,254,54,304,190,162,260,252,237
180,246,229,133,257,160,143,282,182,315,118,217,240,307,374,325,288,259,25,151,248,314,269,313,35,325,297,184,240,112,226,152,143,223,328,89,178,280,238,251,40,300,8,191,360,320,230,233,307,150,229,169,329,231,135,313,342,256,264,188,258,251,180,312,347,265,172,106,61,302,240,166,208,326,333,63,391,189,209,305,284,247
187,290,266,154,338,195,191,297,227,364,130,213,263,406,408,360,262,277,74,200,269,344,319,345,65,350,352,249,275,164,281,164,151,318,356,162,203,335,280,252,41,336,17,232,375,375,252,247,336,205,232,207,323,235,146,322,419,268,286,232,291,283,205,332,402,291,193,154,117,336,327,203,215,359,394,67,415,185,236,336,296,252
184,302,277,180,373,226,186,342,257,384,130,215,265,431,428,358,295,294,86,219,266,369,356,357,76,404,363,267,279,178,297,177,158,365,380,193,220,354,287,249,45,356,15,275,444,406,277,253,361,242,234,218,339,245,159,333,431,284,295,257,294,301,218,377,415,325,193,173,142,386,338,207,221,384,413,70,465,189,252,354,327,264
202,350,322,290,426,320,247,420,323,431,142,227,299,449,496,455,335,349,119,225,307,447,389,379,116,459,423,297,390,233,318,189,249,379,458,249,215,405,304,254,102,366,60,345,490,410,333,273,421,313,260,293,362,293,206,391,460,333,313,266,360,337,235,453,472,376,261,185,207,466,385,231,307,436,448,102,540,240,342,355,356,306
249,398,391,325,456,366,300,441,372,507,149,238,297,445,536,524,354,381,190,224,353,485,442,391,168,489,477,338,440,314,319,259,275,435,484,324,210,448,298,259,182,452,123,368,496,428,356,297,443,343,334,318,379,310,229,419,460,348,321,282,377,381,290,483,490,402,305,187,264,487,488,312,364,491,477,144,566,326,384,375,363,334
272,426,427,355,470,393,328,456,384,542,158,231,309,445,523,532,394,397,230,234,356,477,477,395,203,504,526,346,466,350,305,287,288,452,496,331,214,471,328,246,211,469,142,396,514,431,382,312,458,357,355,321,397,316,222,429,451,369,334,283,405,408,305,479,488,421,308,205,279,542,508,348,388,487,508,152,593,364,408,369,395,352
308,493,473,477,496,441,356,538,435,573,174,262,405,472,525,592,473,333,254,295,388,482,510,340,207,540,552,366,504,391,333,326,332,527,510,380,276,491,374,329,238,499,212,487,560,452,398,359,519,459,367,396,493,295,222,422,490,339,372,271,415,433,353,450,510,483,328,271,359,614,507,389,400,494,500,187,603,385,425,436,407,409
344,526,519,520,533,470,366,551,462,608,179,324,464,481,534,649,469,329,297,317,426,509,526,340,189,555,586,373,514,444,352,377,367,588,523,398,302,491,381,353,252,488,294,515,617,507,415,420,539,531,425,426,535,291,233,441,540,334,435,288,413,491,419,460,519,514,337,305,414,635,512,456,415,488,492,225,631,398,430,485,421,452
369,535,534,541,557,483,364,578,466,612,182,334,484,483,536,647,480,326,305,310,460,508,532,337,186,557,610,366,531,503,367,390,385,607,551,406,328,498,431,355,260,542,304,550,626,522,398,435,539,551,447,453,549,294,267,447,562,360,443,301,394,523,443,493,538,523,350,333,429,673,531,469,434,502,499,229,640,387,439,484,451,477
394,632,582,571,585,563,462,689,548,642,250,359,529,476,550,674,491,419,343,420,463,537,612,413,231,598,661,396,617,564,437,434,460,564,648,461,392,520,474,399,305,599,358,621,672,542,432,468,635,563,441,553,582,354,381,486,612,418,516,376,469,558,491,563,547,564,407,407,516,659,584,499,482,541,499,279,687,431,498,536,525,513
450,680,648,581,635,586,507,740,584,683,298,398,535,479,555,728,502,487,399,479,488,584,714,482,304,619,730,461,663,634,525,528,510,675,728,552,423,554,527,433,378,660,370,638,728,586,457,507,678,584,475,593,588,412,416,490,689,453,604,408,526,624,571,612,583,584,424,450,584,663,636,570,526,602,513,321,701,480,544,609,568,530
473,677,701,601,646,614,526,740,626,690,319,417,562,485,555,735,532,505,415,419,499,577,721,502,323,635,739,500,682,665,530,558,535,678,737,560,448,557,550,415,392,655,379,676,744,608,454,532,697,596,517,617,609,446,446,492,691,477,624,427,552,609,594,637,593,610,458,478,619,678,640,589,532,602,525,333,734,498,570,640,570,520
519,754,753,641,698,624,588,800,675,709,355,458,597,542,666,710,597,575,478,572,521,658,764,615,366,684,791,511,710,720,570,588,603,733,775,619,516,606,592,522,426,715,417,671,846,640,550,575,729,640,524,641,696,495,540,603,725,500,693,544,594,607,582,739,665,650,475,562,696,750,685,637,590,681,522,436,826,537,649,690,620,610
577,768,793,671,762,622,659,819,688,752,381,533,609,579,697,731,611,631,565,647,526,705,796,665,443,695,887,604,740,782,638,627,642,769,777,703,564,645,589,578,495,728,475,682,916,698,614,626,728,665,582,673,715,496,572,662,746,514,751,583,633,652,597,775,664,653,502,615,707,748,730,661,604,746,529,490,852,589,665,760,624,634
599,786,786,681,747,619,699,837,681,756,399,577,638,614,687,728,633,650,606,652,560,725,832,685,467,668,897,654,757,792,682,624,642,807,812,721,537,663,606,603,294,735,481,708,947,716,625,637,729,661,618,676,708,559,598,665,754,509,780,598,615,683,626,735,679,697,493,617,746,726,738,676,605,815,565,533,860,599,679,780,616,643
623,717,784,731,626,623,668,835,650,758,449,619,679,649,638,766,711,579,517,629,561,751,793,619,382,560,789,678,716,811,699,479,541,828,849,656,472,670,688,647,562,592,544,717,897,707,605,620,655,756,615,537,687,523,619,630,688,452,779,628,661,687,623,650,722,796,457,648,776,656,775,670,614,706,585,545,819,600,751,803,634,581
618,708,797,761,587,633,684,830,644,734,470,673,713,673,639,787,721,564,464,637,551,783,783,645,320,582,736,695,713,829,732,373,534,876,830,642,464,711,695,650,592,596,610,714,898,682,614,595,660,792,561,535,695,525,605,642,674,442,755,662,692,645,642,666,760,827,469,667,794,682,779,678,617,670,590,532,846,575,798,807,636,579
630,719,780,764,592,679,689,828,637,674,492,696,697,699,628,777,773,579,466,652,550,788,779,642,316,580,726,716,715,849,761,378,538,874,834,638,470,736,732,639,589,615,623,719,909,671,632,602,650,840,552,522,708,522,624,647,672,453,788,679,699,659,663,660,795,841,478,668,787,682,715,705,619,663,597,525,852,588,799,820,654,585
665,769,843,769,635,741,706,905,662,730,580,733,716,748,669,787,842,653,510,656,568,814,809,691,373,578,765,724,805,868,794,383,623,899,897,656,532,680,824,668,633,666,607,730,904,661,729,627,695,850,543,627,750,596,652,720,677,520,824,737,795,661,697,674,785,884,577,734,846,687,835,710,701,740,626,605,916,633,840,850,749,673
731,843,869,798,663,740,725,929,674,832,618,789,744,807,670,804,893,726,573,677,587,801,808,723,449,594,815,723,835,904,846,482,693,920,931,671,593,807,883,695,691,681,639,763,885,673,790,641,714,881,554,642,806,604,680,777,685,559,879,755,824,699,739,697,801,772,623,737,907,694,873,757,774,826,636,670,928,716,876,916,786,704
750,838,851,833,681,775,709,933,657,838,624,805,744,827,728,817,890,741,592,685,591,833,827,718,480,621,842,732,829,930,871,527,718,931,956,668,596,822,912,717,676,715,637,775,881,714,791,635,718,895,560,656,802,622,674,791,686,583,864,765,896,691,765,701,810,886,637,780,940,729,901,753,783,838,653,706,923,720,887,913,824,717
798,820,871,824,737,829,778,945,768,838,686,850,825,888,799,856,915,836,615,795,642,858,835,779,518,689,846,749,909,947,905,564,768,927,978,712,682,825,911,744,776,787,668,888,921,730,837,684,824,918,603,741,804,687,684,842,733,625,884,836,940,703,770,781,839,930,701,845,981,793,911,769,883,880,750,768,922,728,911,952,882,765
847,827,910,846,743,870,849,950,826,900,733,885,858,948,767,919,908,853,654,814,681,878,915,831,568,745,855,796,917,924,948,613,802,785,992,815,726,818,915,780,853,861,725,918,951,734,884,762,852,945,686,814,810,781,686,865,829,656,887,879,955,754,771,818,912,929,728,881,990,801,920,779,916,933,796,833,937,732,909,982,896,826
835,825,917,857,739,909,856,943,853,889,763,913,869,952,783,941,929,885,661,801,646,863,907,889,595,754,856,798,941,953,964,606,825,892,989,810,772,819,927,795,878,850,722,929,956,730,896,784,867,950,716,817,810,790,728,864,875,673,889,889,973,776,767,706,906,959,743,873,997,818,924,802,792,918,819,816,946,748,942,989,889,836
878,920,934,849,806,914,879,977,910,892,853,919,886,941,832,962,976,934,677,831,709,924,954,910,662,768,884,851,946,964,952,624,866,936,994,820,865,815,981,855,899,849,766,972,988,736,963,830,892,935,749,919,879,863,822,916,912,763,914,917,985,843,818,840,881,970,813,931,995,878,944,723,944,933,879,875,977,791,952,990,907,900
931,946,954,840,866,924,892,978,912,942,892,941,911,947,779,977,985,966,739,961,803,958,984,941,722,778,906,894,937,958,985,770,888,963,975,840,898,806,984,901,917,883,855,955,984,752,970,890,926,938,831,946,915,885,816,921,953,775,960,916,991,902,839,897,911,958,871,904,998,907,954,872,965,964,883,929,979,870,960,992,924,928
948,963,978,895,879,926,894,982,918,932,911,945,911,961,700,948,972,945,747,953,838,952,987,923,736,811,920,892,960,972,985,802,914,968,977,861,908,810,984,906,936,862,867,970,995,783,980,916,939,957,849,956,922,930,845,938,969,825,972,920,966,954,844,901,951,984,887,963,994,913,965,895,963,985,909,955,980,912,978,993,917,942
951,979,988,928,944,957,926,970,957,966,936,962,924,982,798,985,987,968,781,974,881,987,981,962,789,911,952,936,986,972,987,797,935,969,991,889,966,820,985,954,931,936,904,976,994,806,985,935,922,967,900,972,955,959,925,924,972,906,980,953,978,846,844,896,963,987,943,986,992,945,986,922,984,984,930,979,990,960,985,989,969,974
947,994,981,960,969,978,950,989,970,987,967,983,947,987,745,994,990,985,868,978,956,990,994,934,857,939,969,975,989,989,989,901,953,980,992,768,977,860,992,956,972,954,940,980,992,901,992,974,915,981,968,979,972,977,951,927,991,948,982,952,984,977,854,910,988,996,951,991,993,962,990,966,989,982,893,982,995,981,980,994,985,983
959,994,967,969,974,975,973,976,978,985,965,991,966,991,889,990,990,961,902,980,945,997,993,964,889,951,977,979,991,992,980,861,953,971,989,911,971,836,997,961,984,946,957,989,989,920,980,975,920,985,965,990,979,987,964,924,989,941,691,898,979,977,850,916,984,991,983,989,999,979,995,962,993,988,934,985,994,988,994,995,984,970
961,984,982,986,987,988,989,929,987,993,976,990,978,994,945,993,989,968,926,987,968,994,995,971,935,975,966,943,994,996,985,891,970,987,994,982,980,823,992,983,988,968,976,989,993,943,950,975,969,994,988,992,990,982,977,911,983,985,988,961,988,992,899,904,986,995,978,988,995,982,991,975,995,988,959,988,997,992,994,994,995,978
981,986,984,992,991,997,988,991,989,959,978,997,984,995,959,996,981,996,954,992,985,987,993,992,971,986,988,995,992,994,997,968,977,989,992,983,986,830,993,986,992,987,994,992,995,988,982,992,988,993,992,997,992,990,998,939,961,991,986,986,991,987,963,890,988,993,987,993,996,983,984,991,990,989,977,991,995,994,995,994,991,983
979,988,993,985,958,979,997,996,988,976,983,994,990,995,978,991,985,995,974,995,988,997,996,989,960,988,976,997,974,994,992,992,984,992,997,984,990,828,992,979,991,991,985,996,997,990,993,998,985,992,995,999,993,986,997,988,994,988,982,994,990,995,982,889,992,992,994,995,990,991,991,995,995,995,989,994,993,996,992,996,992,982
984,995,988,996,850,997,996,994,984,996,984,990,995,995,981,993,993,998,973,992,993,992,995,987,975,986,977,986,995,993,997,990,990,995,989,990,994,835,992,988,995,992,993,995,998,990,991,996,993,998,992,992,998,997,991,996,994,989,990,994,988,994,980,902,998,996,994,994,993,995,994,994,996,988,986,997,992,992,996,996,980,990
954,997,993,881,992,997,989,996,995,985,962,988,993,996,992,986,994,994,985,996,990,994,996,991,987,994,996,996,994,977,985,988,996,998,995,999,994,826,990,994,996,994,997,996,991,996,998,997,992,995,998,995,996,995,890,997,994,995,991,999,997,988,990,918,996,998,999,990,994,992,987,995,989,997,994,997,997,991,996,996,971,975
994,984,993,926,996,994,992,996,994,993,989,987,988,993,994,991,995,998,983,999,989,994,987,993,983,996,994,996,995,994,955,990,992,993,995,994,995,834,997,996,997,995,996,996,998,996,997,995,991,998,994,994,1000,993,975,992,993,994,983,992,987,997,997,925,991,994,998,994,996,994,998,992,996,997,995,997,995,992,996,991,984,993
992,994,991,895,997,992,989,996,994,991,994,993,990,996,995,986,995,988,995,995,995,998,995,995,993,998,993,994,994,994,930,994,996,989,995,989,995,809,996,995,996,999,993,993,994,993,994,996,995,997,998,974,995,996,996,992,993,991,981,995,989,998,999,897,994,991,993,996,996,998,993,991,994,991,994,993,991,994,996,986,996,994
996,994,997,992,995,992,995,993,997,988,996,983,997,997,992,985,995,990,993,999,997,992,985,995,997,994,993,995,999,992,898,997,987,997,997,995,991,818,998,995,989,988,993,812,994,996,993,999,991,996,997,914,991,993,996,998,992,997,999,994,994,997,996,903,996,997,997,992,994,996,988,997,992,993,994,996,997,991,991,993,994,995
